{"additional_epochs": 500, "device": "cuda", "end_epoch": 500, "initial_learning_rate": 0.001, "input_channels": 13, "input_fields": ["force", "displacement", "velocity", "acceleration"], "optimizer": "adamw", "parameters": 2133090, "resume_checkpoint": null, "retained_time_points": 501, "run_dir": "experiments/fno1d_w64_b4_seed42_20260821-125234", "scheduler": "cosine", "scheduler_restarted_on_resume": false, "split_sizes": {"test": 200, "train": 5000, "val": 500}, "start_epoch": 0, "target_channels": 2, "target_fields": ["disturbance"], "training_loss": "relative_l2"}
{"epoch": 1, "learning_rate": 0.0009999901600367843, "train": {"mse": 3.642547601866579, "relative_l2": 1.0002509605248093, "rmse": 1.908545939155403, "seconds": 7.611090681515634}}
{"epoch": 2, "learning_rate": 0.0009999606405356025, "train": {"mse": 3.6409707027351548, "relative_l2": 1.0000344287096026, "rmse": 1.9081327791155296, "seconds": 7.093745965510607}}
{"epoch": 3, "learning_rate": 0.0009999114426618334, "train": {"mse": 3.6406762911676647, "relative_l2": 0.9999939940982279, "rmse": 1.9080556310463448, "seconds": 7.075497071258724}}
{"epoch": 4, "learning_rate": 0.0009998425683577252, "train": {"mse": 3.6170897188045785, "relative_l2": 0.9967494388361436, "rmse": 1.901864800348484, "seconds": 6.97021119762212}}
{"epoch": 5, "learning_rate": 0.0009997540203423175, "train": {"mse": 1.9158896221229416, "relative_l2": 0.7254234685433733, "rmse": 1.3841566465263033, "seconds": 7.230063744820654}}
{"epoch": 6, "learning_rate": 0.0009996458021113341, "train": {"mse": 0.5347678777706123, "relative_l2": 0.3832560463976578, "rmse": 0.7312782492120303, "seconds": 7.011685385368764}}
{"epoch": 7, "learning_rate": 0.0009995179179370457, "train": {"mse": 0.003677229255973222, "relative_l2": 0.031780938101452716, "rmse": 0.06064016207080273, "seconds": 7.078420395031571}}
{"epoch": 8, "learning_rate": 0.0009993703728681002, "train": {"mse": 0.0018635375976086615, "relative_l2": 0.022624314964367082, "rmse": 0.04316871086340964, "seconds": 6.414727135561407}}
{"epoch": 9, "learning_rate": 0.0009992031727293245, "train": {"mse": 0.0064477782513567075, "relative_l2": 0.04208345678328788, "rmse": 0.08029805882682786, "seconds": 7.03262697532773}}
{"epoch": 10, "learning_rate": 0.0009990163241214937, "train": {"mse": 0.001435509551832538, "relative_l2": 0.01985680643299438, "rmse": 0.03788811887429274, "seconds": 6.951638204045594}}
{"epoch": 11, "learning_rate": 0.000998809834421071, "train": {"mse": 0.0011247144667212358, "relative_l2": 0.017576301762407376, "rmse": 0.03353676291357346, "seconds": 7.120242980308831}}
{"epoch": 12, "learning_rate": 0.0009985837117799162, "train": {"mse": 0.025606232726121853, "relative_l2": 0.08386470102875065, "rmse": 0.16001947608376255, "seconds": 7.049740007147193}}
{"epoch": 13, "learning_rate": 0.000998337965124964, "train": {"mse": 0.0008592775129272552, "relative_l2": 0.015362895716619208, "rmse": 0.029313435706638948, "seconds": 7.055848615244031}}
{"epoch": 14, "learning_rate": 0.0009980726041578718, "train": {"mse": 0.0011912628964035811, "relative_l2": 0.018088817039536343, "rmse": 0.034514676536273395, "seconds": 7.325336587615311}}
{"epoch": 15, "learning_rate": 0.0009977876393546356, "train": {"mse": 0.006577149961903662, "relative_l2": 0.04250355257067323, "rmse": 0.08109962985059588, "seconds": 7.020699746906757}}
{"epoch": 16, "learning_rate": 0.0009974830819651783, "train": {"mse": 0.0007413616268458718, "relative_l2": 0.014269915794776489, "rmse": 0.027227956714485056, "seconds": 7.027333106845617}}
{"epoch": 17, "learning_rate": 0.000997158944012904, "train": {"mse": 0.0007819420841639627, "relative_l2": 0.014655264217858602, "rmse": 0.027963227356011013, "seconds": 7.086035908199847}}
{"epoch": 18, "learning_rate": 0.0009968152382942243, "train": {"mse": 0.008246530662848802, "relative_l2": 0.04759288135917725, "rmse": 0.09081041054223245, "seconds": 6.982481413520873}}
{"epoch": 19, "learning_rate": 0.0009964519783780522, "train": {"mse": 0.0007032297258367557, "relative_l2": 0.013898085168159704, "rmse": 0.026518478950285886, "seconds": 7.039315368980169}}
{"epoch": 20, "learning_rate": 0.0009960691786052673, "train": {"mse": 0.0006276660027380237, "relative_l2": 0.013130179438796429, "rmse": 0.02505326331514567, "seconds": 7.166620936244726}, "validation": {"mse": 0.026842725498709613, "relative_l2": 0.08666054097924278, "rmse": 0.16383749723036425, "seconds": 0.5110381050035357}}
{"epoch": 21, "learning_rate": 0.000995666854088149, "train": {"mse": 0.005475669802305941, "relative_l2": 0.03878153404030647, "rmse": 0.07399776890086579, "seconds": 7.213126741349697}}
{"epoch": 22, "learning_rate": 0.0009952450207097805, "train": {"mse": 0.000636619343705282, "relative_l2": 0.013223495582514332, "rmse": 0.025231316725555206, "seconds": 6.446550958789885}}
{"epoch": 23, "learning_rate": 0.0009948036951234213, "train": {"mse": 0.004063148669901484, "relative_l2": 0.033407018370581555, "rmse": 0.0637428323021615, "seconds": 7.153695122338831}}
{"epoch": 24, "learning_rate": 0.00099434289475185, "train": {"mse": 0.0006993925575724619, "relative_l2": 0.013860115911829672, "rmse": 0.026446031036290906, "seconds": 7.166187169030309}}
{"epoch": 25, "learning_rate": 0.000993862637786676, "train": {"mse": 0.0005597765348152724, "relative_l2": 0.012399772124373418, "rmse": 0.02365959709748398, "seconds": 7.14675157237798}}
{"epoch": 26, "learning_rate": 0.000993362943187622, "train": {"mse": 0.0005714831819315394, "relative_l2": 0.012528759870517867, "rmse": 0.023905714420019732, "seconds": 7.199475589208305}}
{"epoch": 27, "learning_rate": 0.0009928438306817753, "train": {"mse": 0.004747094218126552, "relative_l2": 0.036109401028131066, "rmse": 0.06889915977808839, "seconds": 7.095425617881119}}
{"epoch": 28, "learning_rate": 0.0009923053207628086, "train": {"mse": 0.0005423491941954562, "relative_l2": 0.012205226937545782, "rmse": 0.02328839183360363, "seconds": 7.419417079538107}}
{"epoch": 29, "learning_rate": 0.0009917474346901715, "train": {"mse": 0.0008385428824348602, "relative_l2": 0.015176408141971574, "rmse": 0.02895760491537344, "seconds": 6.9950155690312386}}
{"epoch": 30, "learning_rate": 0.000991170194488251, "train": {"mse": 0.0014624479491315678, "relative_l2": 0.0200422542839315, "rmse": 0.0382419658115475, "seconds": 7.030017310753465}}
{"epoch": 31, "learning_rate": 0.0009905736229455016, "train": {"mse": 0.0004480951161798603, "relative_l2": 0.011094084375081024, "rmse": 0.021168257277817185, "seconds": 7.107640489935875}}
{"epoch": 32, "learning_rate": 0.0009899577436135467, "train": {"mse": 0.004732339228484445, "relative_l2": 0.03605323946676751, "rmse": 0.06879199974186276, "seconds": 7.1222330164164305}}
{"epoch": 33, "learning_rate": 0.0009893225808062474, "train": {"mse": 0.0004498194361399272, "relative_l2": 0.011115409499450342, "rmse": 0.021208947077587966, "seconds": 6.990639250725508}}
{"epoch": 34, "learning_rate": 0.0009886681595987442, "train": {"mse": 0.0004690219966713302, "relative_l2": 0.01135018564346229, "rmse": 0.021656915677707438, "seconds": 7.093879873864353}}
{"epoch": 35, "learning_rate": 0.0009879945058264654, "train": {"mse": 0.0008224663976185812, "relative_l2": 0.01503022357227889, "rmse": 0.028678674962741586, "seconds": 6.974922636523843}}
{"epoch": 36, "learning_rate": 0.0009873016460841086, "train": {"mse": 0.0004318699457688246, "relative_l2": 0.010891378477648017, "rmse": 0.02078148083676485, "seconds": 6.349383396096528}}
{"epoch": 37, "learning_rate": 0.00098658960772459, "train": {"mse": 0.0011846180282667012, "relative_l2": 0.018038296772380807, "rmse": 0.034418280437388225, "seconds": 7.253014046698809}}
{"epoch": 38, "learning_rate": 0.0009858584188579649, "train": {"mse": 0.0015980166475810928, "relative_l2": 0.020950626246769733, "rmse": 0.03997520040701601, "seconds": 7.161311852745712}}
{"epoch": 39, "learning_rate": 0.0009851081083503176, "train": {"mse": 0.0003940602454596651, "relative_l2": 0.010403696408971368, "rmse": 0.01985095074447733, "seconds": 7.148477948270738}}
{"epoch": 40, "learning_rate": 0.0009843387058226225, "train": {"mse": 0.0004294958374814359, "relative_l2": 0.01086140076460166, "rmse": 0.020724281350180417, "seconds": 6.924392573535442}, "validation": {"mse": 0.0006527283410588187, "relative_l2": 0.013513701622970076, "rmse": 0.025548548707486667, "seconds": 0.39224168565124273}}
{"epoch": 41, "learning_rate": 0.0009835502416495738, "train": {"mse": 0.005822793415801492, "relative_l2": 0.03999190112921981, "rmse": 0.07630723042937342, "seconds": 7.277778193354607}}
{"epoch": 42, "learning_rate": 0.0009827427469583868, "train": {"mse": 0.00035621129890639865, "relative_l2": 0.009891455571098898, "rmse": 0.018873560843317264, "seconds": 7.162661811336875}}
{"epoch": 43, "learning_rate": 0.0009819162536275697, "train": {"mse": 0.0003917390523556464, "relative_l2": 0.010373009918288843, "rmse": 0.019792398852985112, "seconds": 7.092468809336424}}
{"epoch": 44, "learning_rate": 0.0009810707942856636, "train": {"mse": 0.00040369369174667936, "relative_l2": 0.010530096251810683, "rmse": 0.02009213009480775, "seconds": 7.066758350469172}}
{"epoch": 45, "learning_rate": 0.000980206402309956, "train": {"mse": 0.0003935989853388773, "relative_l2": 0.010397605715614265, "rmse": 0.019839329256274702, "seconds": 7.207546908408403}}
{"epoch": 46, "learning_rate": 0.0009793231118251618, "train": {"mse": 0.00039174522662353134, "relative_l2": 0.010373091657549323, "rmse": 0.019792554828104717, "seconds": 7.4079121220856905}}
{"epoch": 47, "learning_rate": 0.0009784209577020772, "train": {"mse": 0.0011095848926051173, "relative_l2": 0.01745768395906734, "rmse": 0.03331043218880712, "seconds": 7.029701193794608}}
{"epoch": 48, "learning_rate": 0.0009774999755562017, "train": {"mse": 0.00041577046777673823, "relative_l2": 0.010686443119556244, "rmse": 0.020390450406421585, "seconds": 7.000913020223379}}
{"epoch": 49, "learning_rate": 0.0009765602017463338, "train": {"mse": 0.00038506569630371594, "relative_l2": 0.010284277207054665, "rmse": 0.019623090895771644, "seconds": 7.183092620223761}}
{"epoch": 50, "learning_rate": 0.0009756016733731344, "train": {"mse": 0.0011239460257831924, "relative_l2": 0.01757029633487819, "rmse": 0.033525304260859326, "seconds": 6.541534453630447}}
{"epoch": 51, "learning_rate": 0.000974624428277662, "train": {"mse": 0.00033272940151229827, "relative_l2": 0.00955986916862641, "rmse": 0.01824087173115085, "seconds": 7.15434286557138}}
{"epoch": 52, "learning_rate": 0.0009736285050398801, "train": {"mse": 0.00041214622902775, "relative_l2": 0.010639764726795656, "rmse": 0.02030138490418203, "seconds": 7.002395821735263}}
{"epoch": 53, "learning_rate": 0.0009726139429771328, "train": {"mse": 0.00033061424754336923, "relative_l2": 0.009529434774046613, "rmse": 0.018182800871795555, "seconds": 7.215219427831471}}
{"epoch": 54, "learning_rate": 0.0009715807821425931, "train": {"mse": 0.00033538370736820733, "relative_l2": 0.00959792473527076, "rmse": 0.018313484304419172, "seconds": 7.026865168474615}}
{"epoch": 55, "learning_rate": 0.0009705290633236816, "train": {"mse": 0.002450551598550317, "relative_l2": 0.025944080608574605, "rmse": 0.04950304635626294, "seconds": 7.027977311983705}}
{"epoch": 56, "learning_rate": 0.0009694588280404565, "train": {"mse": 0.0003259584527767585, "relative_l2": 0.009462098903802264, "rmse": 0.01805431950467141, "seconds": 7.094450420700014}}
{"epoch": 57, "learning_rate": 0.0009683701185439742, "train": {"mse": 0.00029868801819112246, "relative_l2": 0.009057644268706276, "rmse": 0.017282592924417403, "seconds": 7.166791646741331}}
{"epoch": 58, "learning_rate": 0.0009672629778146214, "train": {"mse": 0.00028055774057934624, "relative_l2": 0.008778442871796873, "rmse": 0.01674985792713915, "seconds": 7.208939750678837}}
{"epoch": 59, "learning_rate": 0.0009661374495604182, "train": {"mse": 0.0010671141877383768, "relative_l2": 0.017120317178191596, "rmse": 0.03266671375786638, "seconds": 7.2307767709717155}}
{"epoch": 60, "learning_rate": 0.0009649935782152935, "train": {"mse": 0.00031328323696425814, "relative_l2": 0.009276303247209133, "rmse": 0.017699808952761555, "seconds": 7.0424129739403725}, "validation": {"mse": 0.000255541349837404, "relative_l2": 0.00845548810577296, "rmse": 0.015985660756984807, "seconds": 0.3349866522476077}}
{"epoch": 61, "learning_rate": 0.0009638314089373288, "train": {"mse": 0.0004188535164692207, "relative_l2": 0.010725991333614581, "rmse": 0.020465911083292154, "seconds": 7.175579029135406}}
{"epoch": 62, "learning_rate": 0.0009626509876069774, "train": {"mse": 0.00029732891147484083, "relative_l2": 0.009037013476270617, "rmse": 0.017243227988832044, "seconds": 6.938721039332449}}
{"epoch": 63, "learning_rate": 0.0009614523608252524, "train": {"mse": 0.0003377646202931623, "relative_l2": 0.009631932660061935, "rmse": 0.01837837371187022, "seconds": 6.53001132234931}}
{"epoch": 64, "learning_rate": 0.0009602355759118866, "train": {"mse": 0.000275574989828045, "relative_l2": 0.008700140372988701, "rmse": 0.016600451494704745, "seconds": 7.082234129309654}}
{"epoch": 65, "learning_rate": 0.0009590006809034648, "train": {"mse": 0.00033173328525054, "relative_l2": 0.00954554839275336, "rmse": 0.01821354675099114, "seconds": 7.082494227215648}}
{"epoch": 66, "learning_rate": 0.0009577477245515276, "train": {"mse": 0.00030174448889886546, "relative_l2": 0.009103869688083159, "rmse": 0.017370794135527178, "seconds": 7.004144090227783}}
{"epoch": 67, "learning_rate": 0.0009564767563206465, "train": {"mse": 0.0023094078297267655, "relative_l2": 0.025185853696006615, "rmse": 0.04805629854375767, "seconds": 6.957459012046456}}
{"epoch": 68, "learning_rate": 0.0009551878263864707, "train": {"mse": 0.00027543061650441795, "relative_l2": 0.008697861063344085, "rmse": 0.01659610244920228, "seconds": 7.161000831052661}}
{"epoch": 69, "learning_rate": 0.0009538809856337472, "train": {"mse": 0.0002824210441279078, "relative_l2": 0.008807545312435204, "rmse": 0.016805387354295282, "seconds": 7.062622349709272}}
{"epoch": 70, "learning_rate": 0.0009525562856543112, "train": {"mse": 0.000244849524443259, "relative_l2": 0.00820079568556354, "rmse": 0.015647668338869502, "seconds": 6.9513178104534745}}
{"epoch": 71, "learning_rate": 0.0009512137787450496, "train": {"mse": 0.00026697398000610567, "relative_l2": 0.008563293472262184, "rmse": 0.01633933842008622, "seconds": 6.950496882200241}}
{"epoch": 72, "learning_rate": 0.0009498535179058366, "train": {"mse": 0.0003071564802450096, "relative_l2": 0.009185148883863792, "rmse": 0.01752588029871851, "seconds": 7.033049116842449}}
{"epoch": 73, "learning_rate": 0.0009484755568374407, "train": {"mse": 0.0005082484045547402, "relative_l2": 0.0118152895949907, "rmse": 0.022544365250650553, "seconds": 7.0434270380064845}}
{"epoch": 74, "learning_rate": 0.0009470799499394055, "train": {"mse": 0.0003191035645688603, "relative_l2": 0.009362076521174167, "rmse": 0.01786347011554195, "seconds": 7.257472834549844}}
{"epoch": 75, "learning_rate": 0.0009456667523079018, "train": {"mse": 0.00022851256358171414, "relative_l2": 0.00792248454039121, "rmse": 0.01511663201846609, "seconds": 7.075377489440143}}
{"epoch": 76, "learning_rate": 0.0009442360197335523, "train": {"mse": 0.00025072270466419986, "relative_l2": 0.008298568660102465, "rmse": 0.01583422573617668, "seconds": 7.123220508918166}}
{"epoch": 77, "learning_rate": 0.0009427878086992294, "train": {"mse": 0.00027535766913981257, "relative_l2": 0.008696709190150937, "rmse": 0.016593904577880778, "seconds": 6.7457876252010465}}
{"epoch": 78, "learning_rate": 0.0009413221763778248, "train": {"mse": 0.0005532501248304478, "relative_l2": 0.012327276000131558, "rmse": 0.023521269626243558, "seconds": 7.064734842628241}}
{"epoch": 79, "learning_rate": 0.0009398391806299928, "train": {"mse": 0.0002533913543124399, "relative_l2": 0.008342616029664759, "rmse": 0.015918271084274193, "seconds": 7.214454749599099}}
{"epoch": 80, "learning_rate": 0.0009383388800018664, "train": {"mse": 0.00023980562922483432, "relative_l2": 0.008115888009447349, "rmse": 0.01548565882437148, "seconds": 7.0822462271898985}, "validation": {"mse": 0.00024282234110042244, "relative_l2": 0.008242375798994369, "rmse": 0.015582757814341543, "seconds": 0.3499201172962785}}
{"epoch": 81, "learning_rate": 0.0009368213337227456, "train": {"mse": 0.0002437707760138902, "relative_l2": 0.008182710376544524, "rmse": 0.01561316034676805, "seconds": 7.068408318795264}}
{"epoch": 82, "learning_rate": 0.0009352866017027589, "train": {"mse": 0.001759123934552579, "relative_l2": 0.021981360955138404, "rmse": 0.041941911431795514, "seconds": 6.946857790462673}}
{"epoch": 83, "learning_rate": 0.0009337347445304986, "train": {"mse": 0.00023637017632672887, "relative_l2": 0.008057544238306876, "rmse": 0.015374334988113433, "seconds": 7.196840756572783}}
{"epoch": 84, "learning_rate": 0.0009321658234706287, "train": {"mse": 0.00021015019086068737, "relative_l2": 0.007597509523072715, "rmse": 0.014496557896986697, "seconds": 7.204481131397188}}
{"epoch": 85, "learning_rate": 0.0009305799004614663, "train": {"mse": 0.00022489314695556245, "relative_l2": 0.007859491886805544, "rmse": 0.014996437808878563, "seconds": 7.22909289970994}}
{"epoch": 86, "learning_rate": 0.000928977038112536, "train": {"mse": 0.0003227671211827063, "relative_l2": 0.009415665104974522, "rmse": 0.017965720725389957, "seconds": 7.388522641733289}}
{"epoch": 87, "learning_rate": 0.0009273572997020989, "train": {"mse": 0.00022359336305283263, "relative_l2": 0.007836746759532847, "rmse": 0.014953038589291229, "seconds": 7.027953535318375}}
{"epoch": 88, "learning_rate": 0.0009257207491746543, "train": {"mse": 0.00021702621821871775, "relative_l2": 0.00772080281365024, "rmse": 0.014731809740107214, "seconds": 7.080609902739525}}
{"epoch": 89, "learning_rate": 0.0009240674511384143, "train": {"mse": 0.00023859219476134478, "relative_l2": 0.008095328475147039, "rmse": 0.01544642983868262, "seconds": 6.861541323363781}}
{"epoch": 90, "learning_rate": 0.0009223974708627548, "train": {"mse": 0.0002871614223587775, "relative_l2": 0.008881154125015386, "rmse": 0.016945837906659485, "seconds": 7.274083814583719}}
{"epoch": 91, "learning_rate": 0.0009207108742756375, "train": {"mse": 0.00024183553441793856, "relative_l2": 0.008150165294121171, "rmse": 0.015551062163657458, "seconds": 6.571763828396797}}
{"epoch": 92, "learning_rate": 0.0009190077279610079, "train": {"mse": 0.00018681637039203605, "relative_l2": 0.00716331128614505, "rmse": 0.013668078518651993, "seconds": 7.050656073726714}}
{"epoch": 93, "learning_rate": 0.0009172880991561661, "train": {"mse": 0.00022907932748099762, "relative_l2": 0.007932303250245404, "rmse": 0.01513536677722075, "seconds": 7.158108008094132}}
{"epoch": 94, "learning_rate": 0.0009155520557491128, "train": {"mse": 0.00021146094791903467, "relative_l2": 0.007621166437624897, "rmse": 0.014541696872065333, "seconds": 7.182656889781356}}
{"epoch": 95, "learning_rate": 0.0009137996662758693, "train": {"mse": 0.0004756277717278151, "relative_l2": 0.011429835010823177, "rmse": 0.02180889203347605, "seconds": 7.180334160104394}}
{"epoch": 96, "learning_rate": 0.0009120309999177713, "train": {"mse": 0.0002019622072309791, "relative_l2": 0.007448029932661999, "rmse": 0.014211340796384383, "seconds": 7.12532074470073}}
{"epoch": 97, "learning_rate": 0.0009102461264987383, "train": {"mse": 0.00020638496796052138, "relative_l2": 0.0075291403125869755, "rmse": 0.014366104829094119, "seconds": 7.239250682294369}}
{"epoch": 98, "learning_rate": 0.0009084451164825165, "train": {"mse": 0.0002113134975859267, "relative_l2": 0.0076185088842557905, "rmse": 0.014536626072989795, "seconds": 6.967907221056521}}
{"epoch": 99, "learning_rate": 0.0009066280409698975, "train": {"mse": 0.00020626986453276195, "relative_l2": 0.007527040473831767, "rmse": 0.014362098193953485, "seconds": 7.066307578235865}}
{"epoch": 100, "learning_rate": 0.0009047949716959116, "train": {"mse": 0.0002081164156724355, "relative_l2": 0.007560656847520758, "rmse": 0.014426240524559248, "seconds": 6.894771873950958}, "validation": {"mse": 0.0002892058733218682, "relative_l2": 0.00899521700578458, "rmse": 0.017006054019726866, "seconds": 0.34226855728775263}}
{"epoch": 101, "learning_rate": 0.0009029459810269945, "train": {"mse": 0.00021326811418323935, "relative_l2": 0.00765366278716519, "rmse": 0.014603702071161248, "seconds": 7.228488834574819}}
{"epoch": 102, "learning_rate": 0.0009010811419581323, "train": {"mse": 0.00018872658187995653, "relative_l2": 0.007199840841241134, "rmse": 0.013737779364946743, "seconds": 7.338826236315072}}
{"epoch": 103, "learning_rate": 0.0008992005281099779, "train": {"mse": 0.000188600516372812, "relative_l2": 0.007197435762659049, "rmse": 0.01373319032027198, "seconds": 7.032727726735175}}
{"epoch": 104, "learning_rate": 0.000897304213725946, "train": {"mse": 0.001306315557709235, "relative_l2": 0.018942199586867138, "rmse": 0.03614298766993724, "seconds": 7.186556911095977}}
{"epoch": 105, "learning_rate": 0.0008953922736692817, "train": {"mse": 0.0001909707428393012, "relative_l2": 0.007242521241143141, "rmse": 0.013819216433622465, "seconds": 6.717934461310506}}
{"epoch": 106, "learning_rate": 0.0008934647834201047, "train": {"mse": 0.00017757778894044682, "relative_l2": 0.006983942904508567, "rmse": 0.013325831641606719, "seconds": 7.12567532248795}}
{"epoch": 107, "learning_rate": 0.0008915218190724294, "train": {"mse": 0.00020282650537000683, "relative_l2": 0.00746394985724833, "rmse": 0.014241717079411697, "seconds": 7.004218936897814}}
{"epoch": 108, "learning_rate": 0.0008895634573311616, "train": {"mse": 0.0001940485571791788, "relative_l2": 0.0073006506750778934, "rmse": 0.01393013126927305, "seconds": 7.133492273278534}}
{"epoch": 109, "learning_rate": 0.0008875897755090692, "train": {"mse": 0.0008908292485449367, "relative_l2": 0.015642407400759277, "rmse": 0.029846762781664222, "seconds": 6.938820567913353}}
{"epoch": 110, "learning_rate": 0.0008856008515237313, "train": {"mse": 0.00018864110592834487, "relative_l2": 0.007198210223039353, "rmse": 0.013734668031239228, "seconds": 7.2027228232473135}}
{"epoch": 111, "learning_rate": 0.0008835967638944613, "train": {"mse": 0.0001803578910951367, "relative_l2": 0.0070383998172499785, "rmse": 0.013429739055362792, "seconds": 7.115494868718088}}
{"epoch": 112, "learning_rate": 0.0008815775917392073, "train": {"mse": 0.00017306307062298475, "relative_l2": 0.006894591849476265, "rmse": 0.013155343804818814, "seconds": 6.9630974140018225}}
{"epoch": 113, "learning_rate": 0.0008795434147714283, "train": {"mse": 0.00017764679941826477, "relative_l2": 0.006985299848396768, "rmse": 0.01332842073984254, "seconds": 7.114579003304243}}
{"epoch": 114, "learning_rate": 0.0008774943132969483, "train": {"mse": 0.00017358022582031294, "relative_l2": 0.006904885535703672, "rmse": 0.013174984850857057, "seconds": 7.0153416730463505}}
{"epoch": 115, "learning_rate": 0.0008754303682107846, "train": {"mse": 0.00015127607826701182, "relative_l2": 0.006446017614160596, "rmse": 0.012299434062875082, "seconds": 6.929162465967238}}
{"epoch": 116, "learning_rate": 0.0008733516609939554, "train": {"mse": 0.00019461106734123534, "relative_l2": 0.007311224624169212, "rmse": 0.013950307069782921, "seconds": 6.992144299671054}}
{"epoch": 117, "learning_rate": 0.0008712582737102621, "train": {"mse": 0.00015940544165061142, "relative_l2": 0.006616951184812914, "rmse": 0.012625586784407741, "seconds": 7.011090722866356}}
{"epoch": 118, "learning_rate": 0.0008691502890030503, "train": {"mse": 0.0003425837640038983, "relative_l2": 0.009700402338592052, "rmse": 0.018509018450579662, "seconds": 6.97824222035706}}
{"epoch": 119, "learning_rate": 0.0008670277900919469, "train": {"mse": 0.00016071569891627915, "relative_l2": 0.006644090038104193, "rmse": 0.012677369558243506, "seconds": 6.3920207265764475}}
{"epoch": 120, "learning_rate": 0.0008648908607695743, "train": {"mse": 0.00014833816173309813, "relative_l2": 0.006383117010558629, "rmse": 0.012179415492259805, "seconds": 7.17771019320935}, "validation": {"mse": 0.00018482133763992857, "relative_l2": 0.007190914835048354, "rmse": 0.013594901163301209, "seconds": 0.3770923176780343}}
{"epoch": 121, "learning_rate": 0.0008627395853982434, "train": {"mse": 0.00016893368353267866, "relative_l2": 0.006811840727424314, "rmse": 0.012997449116371976, "seconds": 7.139185235835612}}
{"epoch": 122, "learning_rate": 0.0008605740489066222, "train": {"mse": 0.00017736213166794616, "relative_l2": 0.0069797008454892204, "rmse": 0.013317737483069194, "seconds": 7.127269621938467}}
{"epoch": 123, "learning_rate": 0.0008583943367863835, "train": {"mse": 0.00016859584404322914, "relative_l2": 0.006805026029958504, "rmse": 0.012984446235524607, "seconds": 7.3422349244356155}}
{"epoch": 124, "learning_rate": 0.0008562005350888295, "train": {"mse": 0.000153277647382247, "relative_l2": 0.0064885218585582155, "rmse": 0.012380535020032333, "seconds": 6.999790125526488}}
{"epoch": 125, "learning_rate": 0.0008539927304214945, "train": {"mse": 0.0007375661426497076, "relative_l2": 0.014233340704173801, "rmse": 0.027158168985587147, "seconds": 7.02571374271065}}
{"epoch": 126, "learning_rate": 0.000851771009944727, "train": {"mse": 0.00014488952898693654, "relative_l2": 0.006308481877115382, "rmse": 0.012037006645629823, "seconds": 7.191078114323318}}
{"epoch": 127, "learning_rate": 0.0008495354613682468, "train": {"mse": 0.00016013346627919735, "relative_l2": 0.006632044200388021, "rmse": 0.012654385258841985, "seconds": 7.260608105920255}}
{"epoch": 128, "learning_rate": 0.0008472861729476839, "train": {"mse": 0.000141584185408261, "relative_l2": 0.006236109498751384, "rmse": 0.011898915303852743, "seconds": 7.11956584546715}}
{"epoch": 129, "learning_rate": 0.0008450232334810938, "train": {"mse": 0.00015300964560218438, "relative_l2": 0.006482846878332197, "rmse": 0.012369706771067145, "seconds": 6.9205865804106}}
{"epoch": 130, "learning_rate": 0.000842746732305452, "train": {"mse": 0.00013577807556964204, "relative_l2": 0.0061069052752982, "rmse": 0.01165238497345681, "seconds": 6.882659375667572}}
{"epoch": 131, "learning_rate": 0.0008404567592931265, "train": {"mse": 0.00014719534882766283, "relative_l2": 0.006358481346170897, "rmse": 0.012132409028204696, "seconds": 7.1869639828801155}}
{"epoch": 132, "learning_rate": 0.0008381534048483312, "train": {"mse": 0.00015576225426977504, "relative_l2": 0.006540899417746755, "rmse": 0.012480474921643609, "seconds": 7.054744976572692}}
{"epoch": 133, "learning_rate": 0.0008358367599035555, "train": {"mse": 0.00027287920393986615, "relative_l2": 0.008657481632152927, "rmse": 0.016519055782334115, "seconds": 6.333785523660481}}
{"epoch": 134, "learning_rate": 0.0008335069159159749, "train": {"mse": 0.00013402212883184057, "relative_l2": 0.006067288058185789, "rmse": 0.011576792683288432, "seconds": 7.091070882044733}}
{"epoch": 135, "learning_rate": 0.000831163964863841, "train": {"mse": 0.00013864067712586798, "relative_l2": 0.006170945265788177, "rmse": 0.01177457757738544, "seconds": 7.015062349848449}}
{"epoch": 136, "learning_rate": 0.0008288079992428493, "train": {"mse": 0.00014712056490237603, "relative_l2": 0.006356865916913318, "rmse": 0.012129326646701211, "seconds": 7.0226991306990385}}
{"epoch": 137, "learning_rate": 0.0008264391120624886, "train": {"mse": 0.00013018499010813213, "relative_l2": 0.005979802171868199, "rmse": 0.011409863719963186, "seconds": 7.100611697882414}}
{"epoch": 138, "learning_rate": 0.0008240573968423686, "train": {"mse": 0.0004135162191476651, "relative_l2": 0.010657433547366178, "rmse": 0.02033509820845882, "seconds": 7.262821784242988}}
{"epoch": 139, "learning_rate": 0.0008216629476085279, "train": {"mse": 0.00012357534923834238, "relative_l2": 0.005826024173369869, "rmse": 0.011116444991018593, "seconds": 7.2362245647236705}}
{"epoch": 140, "learning_rate": 0.0008192558588897224, "train": {"mse": 0.00016461112003126544, "relative_l2": 0.006724127567969886, "rmse": 0.012830086516904921, "seconds": 7.0865373853594065}, "validation": {"mse": 0.0002577179491876842, "relative_l2": 0.008491421988913589, "rmse": 0.016053596145028822, "seconds": 0.32261255756020546}}
{"epoch": 141, "learning_rate": 0.0008168362257136932, "train": {"mse": 0.000175653901725948, "relative_l2": 0.006946007689195794, "rmse": 0.013253448672928415, "seconds": 7.241690147668123}}
{"epoch": 142, "learning_rate": 0.0008144041436034149, "train": {"mse": 0.00012270182766124397, "relative_l2": 0.005805396341721543, "rmse": 0.01107708570253223, "seconds": 7.354548715986311}}
{"epoch": 143, "learning_rate": 0.0008119597085733248, "train": {"mse": 0.0001219683104467963, "relative_l2": 0.005788017862652372, "rmse": 0.011043926405350422, "seconds": 7.134002489969134}}
{"epoch": 144, "learning_rate": 0.0008095030171255324, "train": {"mse": 0.0001254414894385728, "relative_l2": 0.005869849413433828, "rmse": 0.01120006649259605, "seconds": 6.960219016298652}}
{"epoch": 145, "learning_rate": 0.0008070341662460096, "train": {"mse": 0.00012918432799285042, "relative_l2": 0.005956776072610254, "rmse": 0.011365928382356208, "seconds": 7.03838524594903}}
{"epoch": 146, "learning_rate": 0.0008045532534007615, "train": {"mse": 0.00013343792906897272, "relative_l2": 0.0060540500345734535, "rmse": 0.011551533624111246, "seconds": 6.65280482172966}}
{"epoch": 147, "learning_rate": 0.0008020603765319795, "train": {"mse": 0.0001221725495275623, "relative_l2": 0.005792861944481984, "rmse": 0.011053169207406639, "seconds": 6.867116653360426}}
{"epoch": 148, "learning_rate": 0.0007995556340541738, "train": {"mse": 0.0001280383608357873, "relative_l2": 0.005930296554660009, "rmse": 0.011315403697428885, "seconds": 7.282776510342956}}
{"epoch": 149, "learning_rate": 0.0007970391248502887, "train": {"mse": 0.0005347730736770553, "relative_l2": 0.012119679223687538, "rmse": 0.023125161051916057, "seconds": 6.958037555217743}}
{"epoch": 150, "learning_rate": 0.0007945109482677985, "train": {"mse": 0.00012461771496279748, "relative_l2": 0.005850544019461517, "rmse": 0.011163230489549049, "seconds": 7.0126564260572195}}
{"epoch": 151, "learning_rate": 0.0007919712041147858, "train": {"mse": 0.00011650523786654254, "relative_l2": 0.005656907593084105, "rmse": 0.01079375920921634, "seconds": 7.079106410034001}}
{"epoch": 152, "learning_rate": 0.0007894199926560009, "train": {"mse": 0.00011955987402421986, "relative_l2": 0.005730586647136542, "rmse": 0.010934343785715714, "seconds": 7.021266026422381}}
{"epoch": 153, "learning_rate": 0.000786857414608904, "train": {"mse": 0.00011702395905991514, "relative_l2": 0.005669486853624431, "rmse": 0.010817761277635736, "seconds": 7.067960664629936}}
{"epoch": 154, "learning_rate": 0.0007842835711396887, "train": {"mse": 0.00011855382554069489, "relative_l2": 0.005706425421304005, "rmse": 0.010888242536823602, "seconds": 7.180752914398909}}
{"epoch": 155, "learning_rate": 0.0007816985638592877, "train": {"mse": 0.00012208908768352158, "relative_l2": 0.005790882903870682, "rmse": 0.011049393091184764, "seconds": 6.950164823792875}}
{"epoch": 156, "learning_rate": 0.0007791024948193623, "train": {"mse": 0.0001009222012496518, "relative_l2": 0.005265016251823624, "rmse": 0.010046004242964056, "seconds": 7.131545161828399}}
{"epoch": 157, "learning_rate": 0.0007764954665082731, "train": {"mse": 0.00013854972884326638, "relative_l2": 0.0061689208693348355, "rmse": 0.011770714882421814, "seconds": 7.0758443819358945}}
{"epoch": 158, "learning_rate": 0.0007738775818470337, "train": {"mse": 0.0001151498277803619, "relative_l2": 0.005623905381378209, "rmse": 0.01073078877717579, "seconds": 7.0147295370697975}}
{"epoch": 159, "learning_rate": 0.0007712489441852482, "train": {"mse": 0.00010357482225714091, "relative_l2": 0.005333759844814065, "rmse": 0.010177171623645781, "seconds": 7.0691279005259275}}
{"epoch": 160, "learning_rate": 0.0007686096572970303, "train": {"mse": 0.00014999277421576298, "relative_l2": 0.006418617981995384, "rmse": 0.012247153718957028, "seconds": 6.560247408226132}, "validation": {"mse": 0.00014637827004739147, "relative_l2": 0.006399505192699358, "rmse": 0.012098688773887502, "seconds": 0.3109553074464202}}
{"epoch": 161, "learning_rate": 0.0007659598253769075, "train": {"mse": 9.922886898893558e-05, "relative_l2": 0.005220659630324396, "rmse": 0.009961368831086196, "seconds": 7.17400686442852}}
{"epoch": 162, "learning_rate": 0.0007632995530357066, "train": {"mse": 0.00012311123382307575, "relative_l2": 0.0058150733977392005, "rmse": 0.011095550181179649, "seconds": 7.274559621699154}}
{"epoch": 163, "learning_rate": 0.0007606289452964242, "train": {"mse": 0.00018477124739549832, "relative_l2": 0.007123994154345153, "rmse": 0.013593058794675256, "seconds": 7.22736173029989}}
{"epoch": 164, "learning_rate": 0.0007579481075900816, "train": {"mse": 0.00010696774812158711, "relative_l2": 0.005420418086984349, "rmse": 0.010342521361911085, "seconds": 7.192435236647725}}
{"epoch": 165, "learning_rate": 0.0007552571457515607, "train": {"mse": 0.00010078387617351052, "relative_l2": 0.005261406871950243, "rmse": 0.010039117300515545, "seconds": 7.054641840048134}}
{"epoch": 166, "learning_rate": 0.0007525561660154272, "train": {"mse": 9.805920149632794e-05, "relative_l2": 0.005189798972930895, "rmse": 0.009902484612274231, "seconds": 6.874034708365798}}
{"epoch": 167, "learning_rate": 0.0007498452750117368, "train": {"mse": 9.990591033847032e-05, "relative_l2": 0.005238439707318737, "rmse": 0.009995294409794558, "seconds": 7.073858109302819}}
{"epoch": 168, "learning_rate": 0.0007471245797618239, "train": {"mse": 0.00016734127508784958, "relative_l2": 0.006779659706447779, "rmse": 0.012936045573816194, "seconds": 7.097688759677112}}
{"epoch": 169, "learning_rate": 0.0007443941876740786, "train": {"mse": 0.00010435742881602632, "relative_l2": 0.0053538727441423736, "rmse": 0.010215548385477224, "seconds": 7.102790946140885}}
{"epoch": 170, "learning_rate": 0.0007416542065397055, "train": {"mse": 0.0001040885508655312, "relative_l2": 0.005346971139642218, "rmse": 0.01020237966679986, "seconds": 7.11538421548903}}
{"epoch": 171, "learning_rate": 0.0007389047445284681, "train": {"mse": 9.001140308058904e-05, "relative_l2": 0.004972274827041925, "rmse": 0.00948743395658642, "seconds": 6.986147626303136}}
{"epoch": 172, "learning_rate": 0.0007361459101844188, "train": {"mse": 9.639678174507119e-05, "relative_l2": 0.005145619001780215, "rmse": 0.00981818627573704, "seconds": 7.221640431322157}}
{"epoch": 173, "learning_rate": 0.0007333778124216136, "train": {"mse": 9.941487013698815e-05, "relative_l2": 0.005225550323583761, "rmse": 0.009970700584060688, "seconds": 7.078389972448349}}
{"epoch": 174, "learning_rate": 0.0007306005605198124, "train": {"mse": 9.950819914331455e-05, "relative_l2": 0.005228002573179527, "rmse": 0.00997537964908176, "seconds": 6.1575803980231285}}
{"epoch": 175, "learning_rate": 0.0007278142641201647, "train": {"mse": 0.00010896371250856898, "relative_l2": 0.00547075549418236, "rmse": 0.010438568508592018, "seconds": 6.971057969145477}}
{"epoch": 176, "learning_rate": 0.0007250190332208818, "train": {"mse": 9.919771483677352e-05, "relative_l2": 0.0052198400220487915, "rmse": 0.009959804959775744, "seconds": 7.2667804742231965}}
{"epoch": 177, "learning_rate": 0.000722214978172893, "train": {"mse": 0.00010830441358203659, "relative_l2": 0.005454179615583005, "rmse": 0.01040694064468692, "seconds": 7.125589326955378}}
{"epoch": 178, "learning_rate": 0.0007194022096754907, "train": {"mse": 0.00012797090420406498, "relative_l2": 0.005928734184325667, "rmse": 0.011312422561240584, "seconds": 7.096922582015395}}
{"epoch": 179, "learning_rate": 0.0007165808387719588, "train": {"mse": 9.426790042789634e-05, "relative_l2": 0.005088482394605442, "rmse": 0.009709165794644582, "seconds": 7.10235383734107}}
{"epoch": 180, "learning_rate": 0.0007137509768451893, "train": {"mse": 9.114222772523552e-05, "relative_l2": 0.005003410995193341, "rmse": 0.009546843861991014, "seconds": 7.0184894651174545}, "validation": {"mse": 5.8230921953262205e-05, "relative_l2": 0.004036313809787607, "rmse": 0.007630918814485068, "seconds": 0.35300263576209545}}
{"epoch": 181, "learning_rate": 0.000710912735613286, "train": {"mse": 9.392193596282168e-05, "relative_l2": 0.005079136411588941, "rmse": 0.009691333033325275, "seconds": 7.278144983574748}}
{"epoch": 182, "learning_rate": 0.0007080662271251528, "train": {"mse": 8.972722570041935e-05, "relative_l2": 0.0049644195734434215, "rmse": 0.009472445602927438, "seconds": 7.006347933784127}}
{"epoch": 183, "learning_rate": 0.0007052115637560707, "train": {"mse": 8.71147966670419e-05, "relative_l2": 0.004891615617935957, "rmse": 0.009333530771741308, "seconds": 7.0074100606143475}}
{"epoch": 184, "learning_rate": 0.0007023488582032615, "train": {"mse": 8.700399903837078e-05, "relative_l2": 0.00488850391122581, "rmse": 0.00932759342158366, "seconds": 7.007135607302189}}
{"epoch": 185, "learning_rate": 0.0006994782234814389, "train": {"mse": 8.985222498040476e-05, "relative_l2": 0.004967876347661889, "rmse": 0.009479041353449449, "seconds": 7.103413114324212}}
{"epoch": 186, "learning_rate": 0.0006965997729183461, "train": {"mse": 9.454537687187423e-05, "relative_l2": 0.005095965830324023, "rmse": 0.009723444701949727, "seconds": 6.982837973162532}}
{"epoch": 187, "learning_rate": 0.0006937136201502827, "train": {"mse": 8.429025357771301e-05, "relative_l2": 0.004811661191420995, "rmse": 0.009180972365589225, "seconds": 7.150749348104}}
{"epoch": 188, "learning_rate": 0.0006908198791176185, "train": {"mse": 9.019032286074823e-05, "relative_l2": 0.004977214179090898, "rmse": 0.009496858578537864, "seconds": 6.596354620531201}}
{"epoch": 189, "learning_rate": 0.0006879186640602941, "train": {"mse": 9.038048445464608e-05, "relative_l2": 0.004982458528243413, "rmse": 0.009506865122354796, "seconds": 7.298431569710374}}
{"epoch": 190, "learning_rate": 0.0006850100895133126, "train": {"mse": 8.714672210152278e-05, "relative_l2": 0.004892511861602196, "rmse": 0.009335240870032372, "seconds": 7.273434394039214}}
{"epoch": 191, "learning_rate": 0.0006820942703022167, "train": {"mse": 8.955111463745672e-05, "relative_l2": 0.00495954524750325, "rmse": 0.009463145071140816, "seconds": 7.070048856548965}}
{"epoch": 192, "learning_rate": 0.000679171321538556, "train": {"mse": 7.434577148355648e-05, "relative_l2": 0.004518918356570187, "rmse": 0.008622399404084484, "seconds": 7.32170307263732}}
{"epoch": 193, "learning_rate": 0.0006762413586153432, "train": {"mse": 9.819872304945887e-05, "relative_l2": 0.005193489753620253, "rmse": 0.00990952688323004, "seconds": 7.143232950940728}}
{"epoch": 194, "learning_rate": 0.0006733044972024975, "train": {"mse": 8.420812117006488e-05, "relative_l2": 0.0048093163790650624, "rmse": 0.009176498306547268, "seconds": 7.114721164107323}}
{"epoch": 195, "learning_rate": 0.0006703608532422785, "train": {"mse": 7.075874120175481e-05, "relative_l2": 0.004408556470157707, "rmse": 0.008411821515091414, "seconds": 7.341851201839745}}
{"epoch": 196, "learning_rate": 0.0006674105429447096, "train": {"mse": 8.479592684143318e-05, "relative_l2": 0.004826072640691386, "rmse": 0.009208470385543583, "seconds": 7.322663724422455}}
{"epoch": 197, "learning_rate": 0.0006644536827829897, "train": {"mse": 0.0001031927653118046, "relative_l2": 0.005323913431893625, "rmse": 0.01015838399115748, "seconds": 7.2155034290626645}}
{"epoch": 198, "learning_rate": 0.0006614903894888946, "train": {"mse": 8.747667085208341e-05, "relative_l2": 0.004901764959135597, "rmse": 0.009352896388396667, "seconds": 7.159144665114582}}
{"epoch": 199, "learning_rate": 0.0006585207800481702, "train": {"mse": 7.118514756897015e-05, "relative_l2": 0.004421819947256691, "rmse": 0.008437129107046434, "seconds": 7.16044447850436}}
{"epoch": 200, "learning_rate": 0.0006555449716959121, "train": {"mse": 7.479723307662858e-05, "relative_l2": 0.00453261807070138, "rmse": 0.008648539360876412, "seconds": 7.208404062315822}, "validation": {"mse": 0.00010945588064764788, "relative_l2": 0.005533853280314936, "rmse": 0.01046211645163864, "seconds": 0.34439393505454063}}
{"epoch": 201, "learning_rate": 0.0006525630819119387, "train": {"mse": 7.112504776247485e-05, "relative_l2": 0.004419952936605276, "rmse": 0.008433566728405891, "seconds": 7.210986838676035}}
{"epoch": 202, "learning_rate": 0.0006495752284161527, "train": {"mse": 7.985055373754806e-05, "relative_l2": 0.004683228254609449, "rmse": 0.00893591370468337, "seconds": 6.364991804584861}}
{"epoch": 203, "learning_rate": 0.0006465815291638944, "train": {"mse": 7.09539227559419e-05, "relative_l2": 0.004414632587938662, "rmse": 0.008423415148022915, "seconds": 6.946517589502037}}
{"epoch": 204, "learning_rate": 0.0006435821023412838, "train": {"mse": 8.104128603211896e-05, "relative_l2": 0.004718017212963014, "rmse": 0.009002293376252463, "seconds": 7.276393075473607}}
{"epoch": 205, "learning_rate": 0.0006405770663605566, "train": {"mse": 7.420307785688998e-05, "relative_l2": 0.004514579642295822, "rmse": 0.008614120840625001, "seconds": 7.183019510470331}}
{"epoch": 206, "learning_rate": 0.0006375665398553874, "train": {"mse": 8.191424384564459e-05, "relative_l2": 0.004743359845880758, "rmse": 0.009050648807994076, "seconds": 7.110254210419953}}
{"epoch": 207, "learning_rate": 0.000634550641676208, "train": {"mse": 9.809220971580513e-05, "relative_l2": 0.005190672372226719, "rmse": 0.009904151135549433, "seconds": 7.183030590415001}}
{"epoch": 208, "learning_rate": 0.0006315294908855143, "train": {"mse": 6.939191044031265e-05, "relative_l2": 0.004365769282641052, "rmse": 0.008330180696738375, "seconds": 7.151922336779535}}
{"epoch": 209, "learning_rate": 0.0006285032067531669, "train": {"mse": 7.381062483835125e-05, "relative_l2": 0.004502625226217578, "rmse": 0.008591311008126249, "seconds": 7.303915844298899}}
{"epoch": 210, "learning_rate": 0.0006254719087516808, "train": {"mse": 7.252425958891353e-05, "relative_l2": 0.004463217085040994, "rmse": 0.008516117635925042, "seconds": 7.218061439692974}}
{"epoch": 211, "learning_rate": 0.0006224357165515114, "train": {"mse": 7.169545429076501e-05, "relative_l2": 0.004437641044865713, "rmse": 0.008467316829478214, "seconds": 7.060793645679951}}
{"epoch": 212, "learning_rate": 0.0006193947500163277, "train": {"mse": 7.376923694938957e-05, "relative_l2": 0.004501362667006923, "rmse": 0.008588901964127288, "seconds": 7.314874352887273}}
{"epoch": 213, "learning_rate": 0.0006163491291982813, "train": {"mse": 7.227609415730078e-05, "relative_l2": 0.004455574366255143, "rmse": 0.008501534811861961, "seconds": 7.300453986041248}}
{"epoch": 214, "learning_rate": 0.0006132989743332674, "train": {"mse": 6.744118019670784e-05, "relative_l2": 0.004303967074055903, "rmse": 0.008212257923172398, "seconds": 7.082118106074631}}
{"epoch": 215, "learning_rate": 0.0006102444058361774, "train": {"mse": 6.517308492384509e-05, "relative_l2": 0.004230975386264033, "rmse": 0.008072984883167135, "seconds": 6.721225505694747}}
{"epoch": 216, "learning_rate": 0.0006071855442961452, "train": {"mse": 6.731204606161384e-05, "relative_l2": 0.004299844550917523, "rmse": 0.008204391876404604, "seconds": 7.247189542278647}}
{"epoch": 217, "learning_rate": 0.0006041225104717867, "train": {"mse": 8.260875766029853e-05, "relative_l2": 0.004763425795402191, "rmse": 0.009088936002651715, "seconds": 7.214851473458111}}
{"epoch": 218, "learning_rate": 0.0006010554252864328, "train": {"mse": 6.66517236691987e-05, "relative_l2": 0.004278702117172715, "rmse": 0.008164050690018939, "seconds": 7.403886302374303}}
{"epoch": 219, "learning_rate": 0.0005979844098233547, "train": {"mse": 6.781214731122681e-05, "relative_l2": 0.004315788041125583, "rmse": 0.008234813131530478, "seconds": 7.244995879940689}}
{"epoch": 220, "learning_rate": 0.0005949095853209846, "train": {"mse": 6.5506372361364e-05, "relative_l2": 0.0042417799457895875, "rmse": 0.00809360070434439, "seconds": 7.220022550784051}, "validation": {"mse": 9.486897364110052e-05, "relative_l2": 0.005151932825466235, "rmse": 0.009740070515201649, "seconds": 0.34837740659713745}}
{"epoch": 221, "learning_rate": 0.0005918310731681289, "train": {"mse": 6.2783890346924e-05, "relative_l2": 0.004152699167978061, "rmse": 0.007923628609855713, "seconds": 7.151871048845351}}
{"epoch": 222, "learning_rate": 0.0005887489948991761, "train": {"mse": 6.974762769159443e-05, "relative_l2": 0.00437694490446622, "rmse": 0.008351504516648149, "seconds": 7.356240621767938}}
{"epoch": 223, "learning_rate": 0.0005856634721892988, "train": {"mse": 6.411282187569403e-05, "relative_l2": 0.004196418615308198, "rmse": 0.008007048262355737, "seconds": 6.969207140617073}}
{"epoch": 224, "learning_rate": 0.0005825746268496505, "train": {"mse": 6.712994043103711e-05, "relative_l2": 0.004294024223827572, "rmse": 0.008193286302274387, "seconds": 7.2888504872098565}}
{"epoch": 225, "learning_rate": 0.000579482580822556, "train": {"mse": 6.418559553023584e-05, "relative_l2": 0.004198799600965009, "rmse": 0.00801159132321637, "seconds": 7.081957400776446}}
{"epoch": 226, "learning_rate": 0.0005763874561766983, "train": {"mse": 6.5616319249728e-05, "relative_l2": 0.004245338183721383, "rmse": 0.008100390067751553, "seconds": 7.135312840342522}}
{"epoch": 227, "learning_rate": 0.0005732893751022987, "train": {"mse": 6.7855876455169e-05, "relative_l2": 0.004317179354049613, "rmse": 0.008237467842436109, "seconds": 6.9663617527112365}}
{"epoch": 228, "learning_rate": 0.0005701884599062931, "train": {"mse": 5.647695140091483e-05, "relative_l2": 0.003938600953593554, "rmse": 0.007515114862789179, "seconds": 7.110053789801896}}
{"epoch": 229, "learning_rate": 0.0005670848330075037, "train": {"mse": 5.895632273720172e-05, "relative_l2": 0.004024125837276705, "rmse": 0.007678302073844303, "seconds": 6.533397901803255}}
{"epoch": 230, "learning_rate": 0.0005639786169318064, "train": {"mse": 6.30519745146443e-05, "relative_l2": 0.0041615556305815565, "rmse": 0.007940527344871013, "seconds": 7.037979033775628}}
{"epoch": 231, "learning_rate": 0.0005608699343072934, "train": {"mse": 5.580985242140269e-05, "relative_l2": 0.003915270717017374, "rmse": 0.007470599200961239, "seconds": 7.187306948006153}}
{"epoch": 232, "learning_rate": 0.0005577589078594314, "train": {"mse": 5.8165208608685376e-05, "relative_l2": 0.00399703548864472, "rmse": 0.0076266118695450455, "seconds": 7.235466105863452}}
{"epoch": 233, "learning_rate": 0.0005546456604062179, "train": {"mse": 6.338968277572395e-05, "relative_l2": 0.004172685453870032, "rmse": 0.00796176379803646, "seconds": 7.145127907395363}}
{"epoch": 234, "learning_rate": 0.0005515303148533314, "train": {"mse": 6.026593283740822e-05, "relative_l2": 0.004068574765041992, "rmse": 0.0077631136045666765, "seconds": 7.072719667106867}}
{"epoch": 235, "learning_rate": 0.0005484129941892801, "train": {"mse": 5.5717108281191714e-05, "relative_l2": 0.003912016188790413, "rmse": 0.007464389344158819, "seconds": 7.240281370468438}}
{"epoch": 236, "learning_rate": 0.0005452938214805463, "train": {"mse": 5.0434981503648435e-05, "relative_l2": 0.0037219650619503414, "rmse": 0.007101759042916652, "seconds": 7.372648033313453}}
{"epoch": 237, "learning_rate": 0.0005421729198667273, "train": {"mse": 5.8445056205143235e-05, "relative_l2": 0.004006639324929196, "rmse": 0.007644936638399513, "seconds": 7.062891302630305}}
{"epoch": 238, "learning_rate": 0.0005390504125556752, "train": {"mse": 5.7949954021476697e-05, "relative_l2": 0.003989632622497227, "rmse": 0.007612486717326783, "seconds": 7.117942131124437}}
{"epoch": 239, "learning_rate": 0.000535926422818632, "train": {"mse": 5.688475879604469e-05, "relative_l2": 0.003952795254302293, "rmse": 0.0075421985386255035, "seconds": 7.077145985327661}}
{"epoch": 240, "learning_rate": 0.0005328010739853634, "train": {"mse": 5.4810416701430094e-05, "relative_l2": 0.003880055263427088, "rmse": 0.007403405750155133, "seconds": 7.218312716111541}, "validation": {"mse": 4.066245501745723e-05, "relative_l2": 0.0033729110534727897, "rmse": 0.0063767119283732136, "seconds": 0.41485968977212906}}
{"epoch": 241, "learning_rate": 0.0005296744894392898, "train": {"mse": 5.903534108769156e-05, "relative_l2": 0.004026821671802548, "rmse": 0.007683445912329412, "seconds": 6.906679035164416}}
{"epoch": 242, "learning_rate": 0.0005265467926126158, "train": {"mse": 5.221791833103774e-05, "relative_l2": 0.003787181652559638, "rmse": 0.007226196671212162, "seconds": 7.296596063300967}}
{"epoch": 243, "learning_rate": 0.0005234181069814562, "train": {"mse": 5.087683717171827e-05, "relative_l2": 0.0037382333805756306, "rmse": 0.007132800093351718, "seconds": 6.530456071719527}}
{"epoch": 244, "learning_rate": 0.0005202885560609629, "train": {"mse": 5.193642606575808e-05, "relative_l2": 0.0037769600346938916, "rmse": 0.007206693143582435, "seconds": 7.3665863536298275}}
{"epoch": 245, "learning_rate": 0.0005171582634004476, "train": {"mse": 5.172427630353117e-05, "relative_l2": 0.00376923808631496, "rmse": 0.007191959142231772, "seconds": 7.02244923170656}}
{"epoch": 246, "learning_rate": 0.0005140273525785044, "train": {"mse": 4.997598253443332e-05, "relative_l2": 0.0037049899048398715, "rmse": 0.007069369316596305, "seconds": 7.054063864983618}}
{"epoch": 247, "learning_rate": 0.0005108959471981317, "train": {"mse": 4.964625276848228e-05, "relative_l2": 0.003692747354403185, "rmse": 0.007046009705392285, "seconds": 7.102334866300225}}
{"epoch": 248, "learning_rate": 0.000507764170881852, "train": {"mse": 5.19278514706446e-05, "relative_l2": 0.003776648242785453, "rmse": 0.007206098214057633, "seconds": 7.488458811305463}}
{"epoch": 249, "learning_rate": 0.0005046321472668318, "train": {"mse": 0.00010727101296424389, "relative_l2": 0.005428096385427102, "rmse": 0.010357172054390325, "seconds": 7.24656537361443}}
{"epoch": 250, "learning_rate": 0.0005015000000000006, "train": {"mse": 5.111137299004667e-05, "relative_l2": 0.0037468398674614044, "rmse": 0.007149221845071439, "seconds": 7.080471241846681}}
{"epoch": 251, "learning_rate": 0.0004983678527331696, "train": {"mse": 4.8778547602380344e-05, "relative_l2": 0.003660334630487304, "rmse": 0.00698416405895368, "seconds": 6.930546924471855}}
{"epoch": 252, "learning_rate": 0.0004952358291181494, "train": {"mse": 5.016213920183049e-05, "relative_l2": 0.0037118838967176455, "rmse": 0.007082523505208471, "seconds": 7.041545184329152}}
{"epoch": 253, "learning_rate": 0.0004921040528018696, "train": {"mse": 4.3777097059700064e-05, "relative_l2": 0.0034676067455078857, "rmse": 0.006616426305771119, "seconds": 6.926548894494772}}
{"epoch": 254, "learning_rate": 0.0004889726474214969, "train": {"mse": 5.129922238176692e-05, "relative_l2": 0.0037537189271108534, "rmse": 0.007162347546842929, "seconds": 7.266869737766683}}
{"epoch": 255, "learning_rate": 0.0004858417365995537, "train": {"mse": 4.4316937532015665e-05, "relative_l2": 0.003488921756846768, "rmse": 0.0066570967795290216, "seconds": 7.065453137271106}}
{"epoch": 256, "learning_rate": 0.00048271144393903823, "train": {"mse": 4.4504146280878794e-05, "relative_l2": 0.0034962831424216315, "rmse": 0.00667114280171537, "seconds": 6.89207798987627}}
{"epoch": 257, "learning_rate": 0.0004795818930185451, "train": {"mse": 4.781961588267081e-05, "relative_l2": 0.0036241770076482606, "rmse": 0.006915172874387943, "seconds": 6.8056226670742035}}
{"epoch": 258, "learning_rate": 0.0004764532073873856, "train": {"mse": 4.337560913698402e-05, "relative_l2": 0.003451669084192379, "rmse": 0.006586016181044807, "seconds": 7.253681949339807}}
{"epoch": 259, "learning_rate": 0.00047332551056071146, "train": {"mse": 4.3633728618631345e-05, "relative_l2": 0.0034619239446409375, "rmse": 0.0066055831399378625, "seconds": 7.192356777377427}}
{"epoch": 260, "learning_rate": 0.0004701989260146381, "train": {"mse": 4.47687155710247e-05, "relative_l2": 0.003506660140254848, "rmse": 0.006690942801356525, "seconds": 7.336066775023937}, "validation": {"mse": 5.700445448804996e-05, "relative_l2": 0.0039935809102141975, "rmse": 0.007550129435185199, "seconds": 0.3685534317046404}}
{"epoch": 261, "learning_rate": 0.00046707357718136946, "train": {"mse": 4.390826132483111e-05, "relative_l2": 0.0034727976501728462, "rmse": 0.0066263309096989045, "seconds": 7.167174031026661}}
{"epoch": 262, "learning_rate": 0.00046394958744432616, "train": {"mse": 4.5102688384627156e-05, "relative_l2": 0.003519715603833667, "rmse": 0.006715853511254333, "seconds": 7.229458139277995}}
{"epoch": 263, "learning_rate": 0.0004608270801332741, "train": {"mse": 4.588495617557667e-05, "relative_l2": 0.0035501076252060356, "rmse": 0.00677384353049114, "seconds": 7.125509159639478}}
{"epoch": 264, "learning_rate": 0.0004577061785194552, "train": {"mse": 4.191830179648485e-05, "relative_l2": 0.0033931901638917326, "rmse": 0.006474434476962822, "seconds": 7.326821489259601}}
{"epoch": 265, "learning_rate": 0.00045458700581072127, "train": {"mse": 4.2173174237776657e-05, "relative_l2": 0.0034034901986391706, "rmse": 0.006494087637057007, "seconds": 7.057577073574066}}
{"epoch": 266, "learning_rate": 0.00045146968514667005, "train": {"mse": 4.111213741783135e-05, "relative_l2": 0.0033604031831466724, "rmse": 0.006411874719442929, "seconds": 7.06210255715996}}
{"epoch": 267, "learning_rate": 0.0004483543395937836, "train": {"mse": 4.072113635237821e-05, "relative_l2": 0.003344385276762074, "rmse": 0.006381311491564897, "seconds": 7.207431002520025}}
{"epoch": 268, "learning_rate": 0.00044524109214057005, "train": {"mse": 4.5133298617637084e-05, "relative_l2": 0.0035209097831810626, "rmse": 0.006718132078013731, "seconds": 7.160712492652237}}
{"epoch": 269, "learning_rate": 0.0004421300656927082, "train": {"mse": 4.153529845490427e-05, "relative_l2": 0.0033776529728170306, "rmse": 0.006444788472471713, "seconds": 6.974838886409998}}
{"epoch": 270, "learning_rate": 0.0004390213830681951, "train": {"mse": 4.18463083976757e-05, "relative_l2": 0.0033902750580103616, "rmse": 0.006468872266297713, "seconds": 6.462479464709759}}
{"epoch": 271, "learning_rate": 0.0004359151669924979, "train": {"mse": 4.2400905721915694e-05, "relative_l2": 0.0034126671005774946, "rmse": 0.0065115977856372315, "seconds": 7.2207821030169725}}
{"epoch": 272, "learning_rate": 0.00043281154009370865, "train": {"mse": 4.063485451265723e-05, "relative_l2": 0.0033408402822532567, "rmse": 0.006374547396690782, "seconds": 7.159162567928433}}
{"epoch": 273, "learning_rate": 0.00042971062489770295, "train": {"mse": 3.897560063058031e-05, "relative_l2": 0.003271920683152378, "rmse": 0.006243044179771621, "seconds": 7.324212194420397}}
{"epoch": 274, "learning_rate": 0.0004266125438233032, "train": {"mse": 3.933625101686238e-05, "relative_l2": 0.0032870237563441037, "rmse": 0.0062718618461237155, "seconds": 7.588540122844279}}
{"epoch": 275, "learning_rate": 0.00042351741917744557, "train": {"mse": 3.702960706161644e-05, "relative_l2": 0.003189193801170681, "rmse": 0.00608519572911311, "seconds": 7.299454235471785}}
{"epoch": 276, "learning_rate": 0.00042042537315035115, "train": {"mse": 4.093978841623622e-05, "relative_l2": 0.0033533520962580527, "rmse": 0.00639842077517853, "seconds": 6.853979297913611}}
{"epoch": 277, "learning_rate": 0.0004173365278107028, "train": {"mse": 3.781916014032212e-05, "relative_l2": 0.0032230147967894124, "rmse": 0.006149728460698254, "seconds": 6.945364432409406}}
{"epoch": 278, "learning_rate": 0.00041425100510082555, "train": {"mse": 3.455380176801881e-05, "relative_l2": 0.003080734540288625, "rmse": 0.005878248188705442, "seconds": 7.125037485733628}}
{"epoch": 279, "learning_rate": 0.00041116892683187265, "train": {"mse": 3.812199290878997e-05, "relative_l2": 0.0032358930350940515, "rmse": 0.00617430100568396, "seconds": 7.011001772247255}}
{"epoch": 280, "learning_rate": 0.0004080904146790168, "train": {"mse": 3.5865038621449425e-05, "relative_l2": 0.0031386436474467963, "rmse": 0.005988742657808016, "seconds": 7.161423363722861}, "validation": {"mse": 4.973257420781606e-05, "relative_l2": 0.003730169445356163, "rmse": 0.007052132599988181, "seconds": 0.3547330526635051}}
{"epoch": 281, "learning_rate": 0.0004050155901766468, "train": {"mse": 3.815073233075485e-05, "relative_l2": 0.0032371125446224434, "rmse": 0.006176627909365663, "seconds": 7.2480225237086415}}
{"epoch": 282, "learning_rate": 0.00040194457471356867, "train": {"mse": 3.574236509150374e-05, "relative_l2": 0.0031332713154621755, "rmse": 0.0059784918743361806, "seconds": 7.107349509373307}}
{"epoch": 283, "learning_rate": 0.0003988774895282146, "train": {"mse": 3.392602374364516e-05, "relative_l2": 0.0030526206668867063, "rmse": 0.005824605028982237, "seconds": 7.226374457590282}}
{"epoch": 284, "learning_rate": 0.0003958144557038563, "train": {"mse": 3.6312216487592325e-05, "relative_l2": 0.0031581498950312608, "rmse": 0.006025961872397827, "seconds": 6.478260863572359}}
{"epoch": 285, "learning_rate": 0.00039275559416382405, "train": {"mse": 3.747643636550732e-05, "relative_l2": 0.003208377800069118, "rmse": 0.006121800091926174, "seconds": 7.067887238226831}}
{"epoch": 286, "learning_rate": 0.00038970102566673393, "train": {"mse": 3.367542672210825e-05, "relative_l2": 0.0030413255684313776, "rmse": 0.0058030532241319524, "seconds": 7.098730823025107}}
{"epoch": 287, "learning_rate": 0.0003866508708017201, "train": {"mse": 3.8124181797166544e-05, "relative_l2": 0.003235985937076158, "rmse": 0.006174478261129967, "seconds": 7.204465491697192}}
{"epoch": 288, "learning_rate": 0.0003836052499836737, "train": {"mse": 3.4906057970312064e-05, "relative_l2": 0.003096397886155058, "rmse": 0.005908134897775445, "seconds": 7.22477762773633}}
{"epoch": 289, "learning_rate": 0.00038056428344848984, "train": {"mse": 2.9940210049321315e-05, "relative_l2": 0.002867700424288236, "rmse": 0.005471764802083631, "seconds": 7.262006708420813}}
{"epoch": 290, "learning_rate": 0.00037752809124832044, "train": {"mse": 3.3829243234293666e-05, "relative_l2": 0.0030482634609242678, "rmse": 0.005816291192357348, "seconds": 6.990599233657122}}
{"epoch": 291, "learning_rate": 0.0003744967932468345, "train": {"mse": 3.21958082060733e-05, "relative_l2": 0.0029737607505576132, "rmse": 0.005674135018315417, "seconds": 7.116966742090881}}
{"epoch": 292, "learning_rate": 0.00037147050911448683, "train": {"mse": 3.1944335503373555e-05, "relative_l2": 0.002962124368672111, "rmse": 0.0056519320151054145, "seconds": 6.889460642822087}}
{"epoch": 293, "learning_rate": 0.0003684493583237933, "train": {"mse": 3.121082607708767e-05, "relative_l2": 0.0029279185460057166, "rmse": 0.005586665022809911, "seconds": 7.108518489636481}}
{"epoch": 294, "learning_rate": 0.0003654334601446137, "train": {"mse": 3.1640682721923214e-05, "relative_l2": 0.002948012238531923, "rmse": 0.005625005130835279, "seconds": 7.181880638003349}}
{"epoch": 295, "learning_rate": 0.0003624229336394445, "train": {"mse": 3.302414724807777e-05, "relative_l2": 0.0030117725087640845, "rmse": 0.005746664010369649, "seconds": 7.31592552177608}}
{"epoch": 296, "learning_rate": 0.0003594178976587173, "train": {"mse": 3.144285042515534e-05, "relative_l2": 0.0029387816098733507, "rmse": 0.005607392480035203, "seconds": 7.142274151556194}}
{"epoch": 297, "learning_rate": 0.00035641847083610687, "train": {"mse": 3.1139640391110896e-05, "relative_l2": 0.0029245776430879933, "rmse": 0.005580290350072377, "seconds": 7.03705647867173}}
{"epoch": 298, "learning_rate": 0.00035342477158384843, "train": {"mse": 3.0192817737182935e-05, "relative_l2": 0.0028797725115654272, "rmse": 0.005494799153488955, "seconds": 6.410307829268277}}
{"epoch": 299, "learning_rate": 0.00035043691808806264, "train": {"mse": 3.1691666021794375e-05, "relative_l2": 0.0029503863803427965, "rmse": 0.005629535151484035, "seconds": 7.282953727059066}}
{"epoch": 300, "learning_rate": 0.00034745502830408915, "train": {"mse": 2.949913082097819e-05, "relative_l2": 0.0028464985665531423, "rmse": 0.00543131023059613, "seconds": 6.92056346219033}, "validation": {"mse": 3.79389554500104e-05, "relative_l2": 0.003257997715717771, "rmse": 0.006159460646031469, "seconds": 0.3585987454280257}}
{"epoch": 301, "learning_rate": 0.00034447921995183097, "train": {"mse": 3.0514984133238802e-05, "relative_l2": 0.002895095759898328, "rmse": 0.005524036941697512, "seconds": 7.28024013992399}}
{"epoch": 302, "learning_rate": 0.00034150961051110655, "train": {"mse": 2.8941141634049293e-05, "relative_l2": 0.002819448640431644, "rmse": 0.005379697169362723, "seconds": 7.167590517550707}}
{"epoch": 303, "learning_rate": 0.00033854631721701167, "train": {"mse": 2.9466907705316048e-05, "relative_l2": 0.0028449434651290494, "rmse": 0.00542834299812715, "seconds": 7.009007764048874}}
{"epoch": 304, "learning_rate": 0.00033558945705529163, "train": {"mse": 3.086639261114859e-05, "relative_l2": 0.0029117179046021864, "rmse": 0.005555753109268678, "seconds": 7.240775593556464}}
{"epoch": 305, "learning_rate": 0.0003326391467577227, "train": {"mse": 2.8363673716129183e-05, "relative_l2": 0.0027911784296526685, "rmse": 0.00532575569437138, "seconds": 7.091382975690067}}
{"epoch": 306, "learning_rate": 0.0003296955027975037, "train": {"mse": 2.9150871569643955e-05, "relative_l2": 0.002829646159432932, "rmse": 0.005399154708808033, "seconds": 7.292382848449051}}
{"epoch": 307, "learning_rate": 0.0003267586413846578, "train": {"mse": 2.7797876290991872e-05, "relative_l2": 0.002763199026252014, "rmse": 0.005272369134553448, "seconds": 7.082367959432304}}
{"epoch": 308, "learning_rate": 0.00032382867846144503, "train": {"mse": 2.7593997595255486e-05, "relative_l2": 0.002753047281566799, "rmse": 0.005252998914454056, "seconds": 7.083789055235684}}
{"epoch": 309, "learning_rate": 0.0003209057296977845, "train": {"mse": 2.9563116378888874e-05, "relative_l2": 0.0028495840133301244, "rmse": 0.005437197474700443, "seconds": 7.345781812444329}}
{"epoch": 310, "learning_rate": 0.0003179899104866885, "train": {"mse": 2.650842994392037e-05, "relative_l2": 0.0026983505057897508, "rmse": 0.005148633793922459, "seconds": 6.927750228904188}}
{"epoch": 311, "learning_rate": 0.000315081335939707, "train": {"mse": 2.565766554957854e-05, "relative_l2": 0.0026546968130881404, "rmse": 0.005065339628255794, "seconds": 6.671635606326163}}
{"epoch": 312, "learning_rate": 0.0003121801208823826, "train": {"mse": 2.7248515429610977e-05, "relative_l2": 0.002735758652432505, "rmse": 0.005220011056464438, "seconds": 6.95959850307554}}
{"epoch": 313, "learning_rate": 0.0003092863798497183, "train": {"mse": 2.8353898246547656e-05, "relative_l2": 0.0027906974007313777, "rmse": 0.005324837861057147, "seconds": 7.317792100831866}}
{"epoch": 314, "learning_rate": 0.0003064002270816551, "train": {"mse": 2.56703976147665e-05, "relative_l2": 0.002655355403927312, "rmse": 0.005066596255353934, "seconds": 6.998682776466012}}
{"epoch": 315, "learning_rate": 0.0003035217765185622, "train": {"mse": 2.6552071850635334e-05, "relative_l2": 0.002700570792485929, "rmse": 0.005152870253619368, "seconds": 7.018261377699673}}
{"epoch": 316, "learning_rate": 0.00030065114179673953, "train": {"mse": 2.594648159876793e-05, "relative_l2": 0.0026695963295118048, "rmse": 0.005093768899230503, "seconds": 7.170363905839622}}
{"epoch": 317, "learning_rate": 0.0002977884362439304, "train": {"mse": 2.4225272737934202e-05, "relative_l2": 0.0025795306766914824, "rmse": 0.004921917587478909, "seconds": 7.088060486130416}}
{"epoch": 318, "learning_rate": 0.0002949337728748482, "train": {"mse": 2.4771832691100304e-05, "relative_l2": 0.0026084674900332737, "rmse": 0.004977130969856058, "seconds": 7.36897412315011}}
{"epoch": 319, "learning_rate": 0.0002920872643867149, "train": {"mse": 2.502240351663378e-05, "relative_l2": 0.002621626817954211, "rmse": 0.005002239849970589, "seconds": 7.2970947762951255}}
{"epoch": 320, "learning_rate": 0.0002892490231548116, "train": {"mse": 2.5110585130974203e-05, "relative_l2": 0.0026262422011409012, "rmse": 0.005011046310998752, "seconds": 6.943514042533934}, "validation": {"mse": 1.9493365017120948e-05, "relative_l2": 0.0023353474218843428, "rmse": 0.004415129105374037, "seconds": 0.3318293020129204}}
{"epoch": 321, "learning_rate": 0.00028641916122804247, "train": {"mse": 2.3987608887775692e-05, "relative_l2": 0.0025668461496533815, "rmse": 0.004897714659693406, "seconds": 7.119788800366223}}
{"epoch": 322, "learning_rate": 0.0002835977903245104, "train": {"mse": 2.4746145661957488e-05, "relative_l2": 0.0026071147164892085, "rmse": 0.0049745497949017945, "seconds": 7.022861202247441}}
{"epoch": 323, "learning_rate": 0.000280785021827108, "train": {"mse": 2.2234043504247172e-05, "relative_l2": 0.002471243751965495, "rmse": 0.004715298877510011, "seconds": 7.076662188395858}}
{"epoch": 324, "learning_rate": 0.00027798096677911937, "train": {"mse": 2.4539339615258865e-05, "relative_l2": 0.0025961979023931417, "rmse": 0.004953719775608918, "seconds": 6.875299761071801}}
{"epoch": 325, "learning_rate": 0.0002751857358798363, "train": {"mse": 2.3961479957410675e-05, "relative_l2": 0.0025654477786718243, "rmse": 0.004895046471425034, "seconds": 6.381429830566049}}
{"epoch": 326, "learning_rate": 0.00027239943948018867, "train": {"mse": 2.3619041089228766e-05, "relative_l2": 0.0025470501101036917, "rmse": 0.004859942498551682, "seconds": 7.090027939528227}}
{"epoch": 327, "learning_rate": 0.00026962218757838735, "train": {"mse": 2.3030186933790616e-05, "relative_l2": 0.002515099036603886, "rmse": 0.0047989776967381935, "seconds": 7.100083095021546}}
{"epoch": 328, "learning_rate": 0.00026685408981558223, "train": {"mse": 2.2234007968993007e-05, "relative_l2": 0.0024712417789352153, "rmse": 0.004715295109427723, "seconds": 7.0929083954542875}}
{"epoch": 329, "learning_rate": 0.00026409525547153265, "train": {"mse": 2.3811297019025284e-05, "relative_l2": 0.0025573954347677557, "rmse": 0.004879682061264369, "seconds": 7.132602893747389}}
{"epoch": 330, "learning_rate": 0.0002613457934602954, "train": {"mse": 2.2947573327197287e-05, "relative_l2": 0.002510583917006377, "rmse": 0.00479036254652999, "seconds": 7.0584533317014575}}
{"epoch": 331, "learning_rate": 0.0002586058123259223, "train": {"mse": 2.3127003992627003e-05, "relative_l2": 0.002520380126992148, "rmse": 0.004809054376135396, "seconds": 7.003989178687334}}
{"epoch": 332, "learning_rate": 0.0002558754202381769, "train": {"mse": 2.1593287789417122e-05, "relative_l2": 0.002435374449922209, "rmse": 0.004646857840457046, "seconds": 6.896006022579968}}
{"epoch": 333, "learning_rate": 0.0002531547249882642, "train": {"mse": 2.179071682239483e-05, "relative_l2": 0.00244648252280867, "rmse": 0.004668052787018891, "seconds": 7.189699969254434}}
{"epoch": 334, "learning_rate": 0.0002504438339845736, "train": {"mse": 2.178728921030334e-05, "relative_l2": 0.0024462901007011235, "rmse": 0.004667685637476386, "seconds": 7.098408040590584}}
{"epoch": 335, "learning_rate": 0.00024774285424844023, "train": {"mse": 2.1736388971765123e-05, "relative_l2": 0.0024434308780177795, "rmse": 0.0046622300427762164, "seconds": 7.147111896425486}}
{"epoch": 336, "learning_rate": 0.00024505189240991933, "train": {"mse": 2.0607287853123422e-05, "relative_l2": 0.002379122354290281, "rmse": 0.004539525069114986, "seconds": 7.215422743931413}}
{"epoch": 337, "learning_rate": 0.00024237105470357678, "train": {"mse": 2.057878006688373e-05, "relative_l2": 0.0023774761664886656, "rmse": 0.00453638402991675, "seconds": 7.1108176950365305}}
{"epoch": 338, "learning_rate": 0.00023970044696429435, "train": {"mse": 2.1693634118386608e-05, "relative_l2": 0.00244102661829843, "rmse": 0.004657642549443506, "seconds": 7.129512012936175}}
{"epoch": 339, "learning_rate": 0.0002370401746230935, "train": {"mse": 2.0645766668096036e-05, "relative_l2": 0.0023813425177686416, "rmse": 0.004543761290835604, "seconds": 6.337479777634144}}
{"epoch": 340, "learning_rate": 0.0002343903427029706, "train": {"mse": 1.991977232569706e-05, "relative_l2": 0.002339098684803012, "rmse": 0.004463157214987733, "seconds": 7.330437609925866}, "validation": {"mse": 2.481805244665184e-05, "relative_l2": 0.002635068683769084, "rmse": 0.004981772018735084, "seconds": 0.3553675366565585}}
{"epoch": 341, "learning_rate": 0.00023175105581475276, "train": {"mse": 2.0402192525164097e-05, "relative_l2": 0.002367253570565598, "rmse": 0.00451687862634852, "seconds": 7.159458493813872}}
{"epoch": 342, "learning_rate": 0.00022912241815296723, "train": {"mse": 2.0016929020960173e-05, "relative_l2": 0.0023447961027307446, "rmse": 0.004474028276727828, "seconds": 7.055660923011601}}
{"epoch": 343, "learning_rate": 0.00022650453349172788, "train": {"mse": 1.9244571250236913e-05, "relative_l2": 0.0022991138620701472, "rmse": 0.004386863486619673, "seconds": 6.997698522172868}}
{"epoch": 344, "learning_rate": 0.0002238975051806386, "train": {"mse": 2.0363519504339156e-05, "relative_l2": 0.0023650089044721383, "rmse": 0.004512595650436582, "seconds": 7.347894622944295}}
{"epoch": 345, "learning_rate": 0.00022130143614071317, "train": {"mse": 2.011403689930539e-05, "relative_l2": 0.0023504768629495306, "rmse": 0.00448486754534684, "seconds": 7.245712123811245}}
{"epoch": 346, "learning_rate": 0.00021871642886031232, "train": {"mse": 1.9155988816967504e-05, "relative_l2": 0.0022938163626175004, "rmse": 0.004376755512587778, "seconds": 7.164666554890573}}
{"epoch": 347, "learning_rate": 0.0002161425853910967, "train": {"mse": 1.9033623929925546e-05, "relative_l2": 0.0022864783901848044, "rmse": 0.004362754167945467, "seconds": 7.32451845984906}}
{"epoch": 348, "learning_rate": 0.00021358000734400003, "train": {"mse": 1.9573670039752764e-05, "relative_l2": 0.0023186889419491512, "rmse": 0.004424214058988643, "seconds": 7.127808694727719}}
{"epoch": 349, "learning_rate": 0.00021102879588521522, "train": {"mse": 2.063160472346875e-05, "relative_l2": 0.0023805256413755665, "rmse": 0.004542202629063212, "seconds": 7.149245645850897}}
{"epoch": 350, "learning_rate": 0.00020848905173220252, "train": {"mse": 1.873027225008268e-05, "relative_l2": 0.002268184633382068, "rmse": 0.004327848455073569, "seconds": 7.112909620627761}}
{"epoch": 351, "learning_rate": 0.0002059608751497123, "train": {"mse": 1.8185301418016532e-05, "relative_l2": 0.0022349438223272723, "rmse": 0.004264422753200782, "seconds": 7.260004214942455}}
{"epoch": 352, "learning_rate": 0.00020344436594582735, "train": {"mse": 1.8412858958610754e-05, "relative_l2": 0.002248883574967549, "rmse": 0.004291020736213093, "seconds": 7.256988327950239}}
{"epoch": 353, "learning_rate": 0.00020093962346802145, "train": {"mse": 1.8033494761663522e-05, "relative_l2": 0.002225595876242272, "rmse": 0.004246586247995385, "seconds": 6.403760625980794}}
{"epoch": 354, "learning_rate": 0.00019844674659923948, "train": {"mse": 1.854393028629992e-05, "relative_l2": 0.0022568736822973917, "rmse": 0.004306266397507232, "seconds": 7.487830989994109}}
{"epoch": 355, "learning_rate": 0.00019596583375399167, "train": {"mse": 1.8553741005604377e-05, "relative_l2": 0.002257470604943711, "rmse": 0.004307405368154288, "seconds": 7.280529946088791}}
{"epoch": 356, "learning_rate": 0.00019349698287446856, "train": {"mse": 1.8045352266993588e-05, "relative_l2": 0.002226327450185816, "rmse": 0.004247982140616129, "seconds": 7.2409960106015205}}
{"epoch": 357, "learning_rate": 0.00019104029142667632, "train": {"mse": 1.7739588623037357e-05, "relative_l2": 0.002207385226550132, "rmse": 0.004211839102225696, "seconds": 7.102718674577773}}
{"epoch": 358, "learning_rate": 0.0001885958563965862, "train": {"mse": 1.7984045637462904e-05, "relative_l2": 0.0022225424109292204, "rmse": 0.004240760030638719, "seconds": 7.167630867101252}}
{"epoch": 359, "learning_rate": 0.0001861637742863078, "train": {"mse": 1.7238246471046687e-05, "relative_l2": 0.0021759699930897947, "rmse": 0.004151896731741613, "seconds": 7.0863189324736595}}
{"epoch": 360, "learning_rate": 0.0001837441411102785, "train": {"mse": 1.6440922710412514e-05, "relative_l2": 0.002125051469447882, "rmse": 0.004054740769816551, "seconds": 7.060797220095992}, "validation": {"mse": 1.5177329366435547e-05, "relative_l2": 0.0020606572916240557, "rmse": 0.0038958092055997235, "seconds": 0.28624524641782045}}
{"epoch": 361, "learning_rate": 0.00018133705239147316, "train": {"mse": 1.753606406930916e-05, "relative_l2": 0.0021946861380676935, "rmse": 0.004187608394932501, "seconds": 7.011789285577834}}
{"epoch": 362, "learning_rate": 0.00017894260315763226, "train": {"mse": 1.7362044098788868e-05, "relative_l2": 0.002183769451864047, "rmse": 0.004166778623683872, "seconds": 7.000776621513069}}
{"epoch": 363, "learning_rate": 0.00017656088793751218, "train": {"mse": 1.723281097953429e-05, "relative_l2": 0.00217562690403571, "rmse": 0.004151242100809623, "seconds": 7.274821372702718}}
{"epoch": 364, "learning_rate": 0.00017419200075715157, "train": {"mse": 1.6698861355612617e-05, "relative_l2": 0.0021416563688423846, "rmse": 0.004086424030324388, "seconds": 7.050785172730684}}
{"epoch": 365, "learning_rate": 0.00017183603513615974, "train": {"mse": 1.6878574731166728e-05, "relative_l2": 0.0021531497923334662, "rmse": 0.0041083542606701684, "seconds": 7.135158869437873}}
{"epoch": 366, "learning_rate": 0.00016949308408402587, "train": {"mse": 1.6152278176265325e-05, "relative_l2": 0.0021063146665379773, "rmse": 0.004018989695964065, "seconds": 7.051866406574845}}
{"epoch": 367, "learning_rate": 0.00016716324009644534, "train": {"mse": 1.6085082636086527e-05, "relative_l2": 0.0021019288310224096, "rmse": 0.004010621228199757, "seconds": 6.536136765964329}}
{"epoch": 368, "learning_rate": 0.00016484659515166958, "train": {"mse": 1.6267276509198363e-05, "relative_l2": 0.002113799464630134, "rmse": 0.004033271192121646, "seconds": 7.255081878043711}}
{"epoch": 369, "learning_rate": 0.0001625432407068743, "train": {"mse": 1.5583927255726147e-05, "relative_l2": 0.002068925321134642, "rmse": 0.003947648319661485, "seconds": 7.1204499788582325}}
{"epoch": 370, "learning_rate": 0.0001602532676945491, "train": {"mse": 1.542982155988792e-05, "relative_l2": 0.0020586703571815364, "rmse": 0.003928081154951858, "seconds": 7.277600028552115}}
{"epoch": 371, "learning_rate": 0.000157976766518907, "train": {"mse": 1.6495554461450633e-05, "relative_l2": 0.0021285792198914313, "rmse": 0.004061471957486674, "seconds": 7.14611513633281}}
{"epoch": 372, "learning_rate": 0.00015571382705231707, "train": {"mse": 1.5164273184633065e-05, "relative_l2": 0.002040878537773386, "rmse": 0.003894133174999677, "seconds": 7.129838097840548}}
{"epoch": 373, "learning_rate": 0.00015346453863175424, "train": {"mse": 1.555394646293389e-05, "relative_l2": 0.0020669342357768627, "rmse": 0.003943849193736227, "seconds": 7.340150027535856}}
{"epoch": 374, "learning_rate": 0.00015122899005527384, "train": {"mse": 1.5016771034298543e-05, "relative_l2": 0.0020309285206940994, "rmse": 0.0038751478725719025, "seconds": 7.158692552708089}}
{"epoch": 375, "learning_rate": 0.00014900726957850635, "train": {"mse": 1.5706911946306686e-05, "relative_l2": 0.002077073016731555, "rmse": 0.003963194664195375, "seconds": 7.060974494554102}}
{"epoch": 376, "learning_rate": 0.0001467994649111715, "train": {"mse": 1.4817904115853433e-05, "relative_l2": 0.002017435919467726, "rmse": 0.0038494030856554154, "seconds": 7.27523017860949}}
{"epoch": 377, "learning_rate": 0.00014460566321361737, "train": {"mse": 1.4396180735971637e-05, "relative_l2": 0.0019885201874277315, "rmse": 0.0037942299266085122, "seconds": 7.111550008878112}}
{"epoch": 378, "learning_rate": 0.00014242595109337862, "train": {"mse": 1.4852412193716167e-05, "relative_l2": 0.002019783668854242, "rmse": 0.0038538827426007876, "seconds": 7.220060685649514}}
{"epoch": 379, "learning_rate": 0.00014026041460175756, "train": {"mse": 1.4273459953581263e-05, "relative_l2": 0.001980026442893866, "rmse": 0.0037780232865324247, "seconds": 6.934554312378168}}
{"epoch": 380, "learning_rate": 0.0001381091392304265, "train": {"mse": 1.4461726623916341e-05, "relative_l2": 0.001993041919375935, "rmse": 0.0038028576917781636, "seconds": 6.397298073396087}, "validation": {"mse": 1.5897804183398415e-05, "relative_l2": 0.0021090004013664446, "rmse": 0.003987205059110757, "seconds": 0.28260575234889984}}
{"epoch": 381, "learning_rate": 0.00013597220990805415, "train": {"mse": 1.4570698626859935e-05, "relative_l2": 0.0020005368122995386, "rmse": 0.0038171584492734823, "seconds": 7.108717478811741}}
{"epoch": 382, "learning_rate": 0.00013384971099695056, "train": {"mse": 1.4267079695732057e-05, "relative_l2": 0.0019795838539254772, "rmse": 0.0037771788011334673, "seconds": 7.002904446795583}}
{"epoch": 383, "learning_rate": 0.00013174172628973877, "train": {"mse": 1.4427939113861548e-05, "relative_l2": 0.0019907123425311995, "rmse": 0.0037984127097857004, "seconds": 7.020498369820416}}
{"epoch": 384, "learning_rate": 0.00012964833900604543, "train": {"mse": 1.4117515142151933e-05, "relative_l2": 0.0019691803356252234, "rmse": 0.0037573281919672566, "seconds": 7.257628365419805}}
{"epoch": 385, "learning_rate": 0.0001275696317892161, "train": {"mse": 1.4435174510983412e-05, "relative_l2": 0.0019912114392314742, "rmse": 0.003799365014181108, "seconds": 7.349552743136883}}
{"epoch": 386, "learning_rate": 0.0001255056867030524, "train": {"mse": 1.4032691766223508e-05, "relative_l2": 0.0019632556324635933, "rmse": 0.0037460234604475592, "seconds": 7.144609705545008}}
{"epoch": 387, "learning_rate": 0.00012345658522857231, "train": {"mse": 1.4349102936015871e-05, "relative_l2": 0.001985266138521309, "rmse": 0.003788020978824678, "seconds": 7.000578809529543}}
{"epoch": 388, "learning_rate": 0.0001214224082607935, "train": {"mse": 1.3470405929102868e-05, "relative_l2": 0.0019235199731882776, "rmse": 0.0036702051617181933, "seconds": 7.098662850446999}}
{"epoch": 389, "learning_rate": 0.00011940323610553921, "train": {"mse": 1.3316998941574744e-05, "relative_l2": 0.001912535659994354, "rmse": 0.003649246352546611, "seconds": 7.074110578745604}}
{"epoch": 390, "learning_rate": 0.00011739914847626928, "train": {"mse": 1.3259611167236716e-05, "relative_l2": 0.001908410310151679, "rmse": 0.003641374900670997, "seconds": 6.9556278912350535}}
{"epoch": 391, "learning_rate": 0.0001154102244909314, "train": {"mse": 1.353611513347683e-05, "relative_l2": 0.0019282057773521973, "rmse": 0.003679145978821285, "seconds": 7.2148640137165785}}
{"epoch": 392, "learning_rate": 0.00011343654266883901, "train": {"mse": 1.2855805859653774e-05, "relative_l2": 0.0018791264781182198, "rmse": 0.003585499387763687, "seconds": 7.084716558456421}}
{"epoch": 393, "learning_rate": 0.00011147818092757097, "train": {"mse": 1.290834131027886e-05, "relative_l2": 0.0018829621033197613, "rmse": 0.003592818017974033, "seconds": 7.057411142624915}}
{"epoch": 394, "learning_rate": 0.00010953521657989577, "train": {"mse": 1.3341607703658159e-05, "relative_l2": 0.0019143019536344732, "rmse": 0.00365261655579369, "seconds": 6.584475487470627}}
{"epoch": 395, "learning_rate": 0.00010760772633071847, "train": {"mse": 1.283439394837606e-05, "relative_l2": 0.0018775609402844895, "rmse": 0.003582512239808269, "seconds": 7.2222688887268305}}
{"epoch": 396, "learning_rate": 0.0001056957862740542, "train": {"mse": 1.2808026913962441e-05, "relative_l2": 0.0018756313142612572, "rmse": 0.003578830383513927, "seconds": 7.174336387775838}}
{"epoch": 397, "learning_rate": 0.00010379947189002255, "train": {"mse": 1.255280578178084e-05, "relative_l2": 0.0018568497525132388, "rmse": 0.003542993900895236, "seconds": 6.997731107287109}}
{"epoch": 398, "learning_rate": 0.00010191885804186808, "train": {"mse": 1.278838698869337e-05, "relative_l2": 0.0018741927097941599, "rmse": 0.003576085428047458, "seconds": 7.306701431982219}}
{"epoch": 399, "learning_rate": 0.00010005401897300587, "train": {"mse": 1.2665737188326384e-05, "relative_l2": 0.0018651836290413761, "rmse": 0.0035588955011810032, "seconds": 7.336014428175986}}
{"epoch": 400, "learning_rate": 9.820502830408888e-05, "train": {"mse": 1.2646856561987225e-05, "relative_l2": 0.0018637929109456765, "rmse": 0.0035562419155601922, "seconds": 7.159100776538253}, "validation": {"mse": 1.2620396748512329e-05, "relative_l2": 0.0018790770776264964, "rmse": 0.0035525197745420543, "seconds": 0.4286302179098129}}
{"epoch": 401, "learning_rate": 9.63719590301028e-05, "train": {"mse": 1.2389591090871903e-05, "relative_l2": 0.001844738640099683, "rmse": 0.003519885096259806, "seconds": 7.361003382131457}}
{"epoch": 402, "learning_rate": 9.455488351748394e-05, "train": {"mse": 1.2394497249119296e-05, "relative_l2": 0.0018451038592053506, "rmse": 0.0035205819475080105, "seconds": 7.087639668025076}}
{"epoch": 403, "learning_rate": 9.275387350126223e-05, "train": {"mse": 1.2360521808207155e-05, "relative_l2": 0.0018425732513215709, "rmse": 0.003515753377045545, "seconds": 6.966680385172367}}
{"epoch": 404, "learning_rate": 9.096900008222904e-05, "train": {"mse": 1.2367711811068054e-05, "relative_l2": 0.0018431090748285699, "rmse": 0.003516775769233525, "seconds": 7.130770309828222}}
{"epoch": 405, "learning_rate": 8.92003337241311e-05, "train": {"mse": 1.2244099531017854e-05, "relative_l2": 0.0018338752342551105, "rmse": 0.0034991569743322254, "seconds": 7.189150167629123}}
{"epoch": 406, "learning_rate": 8.744794425088755e-05, "train": {"mse": 1.2527138518240161e-05, "relative_l2": 0.0018549503883071262, "rmse": 0.0035393697911125593, "seconds": 7.294082476757467}}
{"epoch": 407, "learning_rate": 8.571190084383419e-05, "train": {"mse": 1.2136601702776736e-05, "relative_l2": 0.0018258071724928386, "rmse": 0.0034837625784167234, "seconds": 6.927461201325059}}
{"epoch": 408, "learning_rate": 8.399227203899249e-05, "train": {"mse": 1.197075290296844e-05, "relative_l2": 0.0018132892696499788, "rmse": 0.0034598775849686413, "seconds": 6.37526180408895}}
{"epoch": 409, "learning_rate": 8.228912572436283e-05, "train": {"mse": 1.1898060525189378e-05, "relative_l2": 0.001807775291193646, "rmse": 0.0034493565378472227, "seconds": 7.011566718108952}}
{"epoch": 410, "learning_rate": 8.060252913724557e-05, "train": {"mse": 1.1623989278357662e-05, "relative_l2": 0.0017868329766920464, "rmse": 0.003409397201611696, "seconds": 6.985494253225625}}
{"epoch": 411, "learning_rate": 7.893254886158609e-05, "train": {"mse": 1.1497469800347815e-05, "relative_l2": 0.0017770821219873342, "rmse": 0.0033907919134544095, "seconds": 7.464881180785596}}
{"epoch": 412, "learning_rate": 7.727925082534625e-05, "train": {"mse": 1.163897798164281e-05, "relative_l2": 0.0017879846327614937, "rmse": 0.0034115946391156744, "seconds": 6.833419485017657}}
{"epoch": 413, "learning_rate": 7.564270029790139e-05, "train": {"mse": 1.1300258328041392e-05, "relative_l2": 0.0017617754166138922, "rmse": 0.003361585686553504, "seconds": 7.046302285045385}}
{"epoch": 414, "learning_rate": 7.402296188746451e-05, "train": {"mse": 1.1335389271467746e-05, "relative_l2": 0.001764511845090543, "rmse": 0.003366806984587585, "seconds": 7.142346239648759}}
{"epoch": 415, "learning_rate": 7.242009953853422e-05, "train": {"mse": 1.1715487428678724e-05, "relative_l2": 0.0017938517128458914, "rmse": 0.0034227894221933552, "seconds": 7.1594440983608365}}
{"epoch": 416, "learning_rate": 7.083417652937157e-05, "train": {"mse": 1.1228171567954942e-05, "relative_l2": 0.001756147051256279, "rmse": 0.0033508463957565918, "seconds": 6.940896836109459}}
{"epoch": 417, "learning_rate": 6.926525546950179e-05, "train": {"mse": 1.1398741714433282e-05, "relative_l2": 0.0017694358245570084, "rmse": 0.0033762022620739537, "seconds": 7.439800796099007}}
{"epoch": 418, "learning_rate": 6.771339829724151e-05, "train": {"mse": 1.1550504314952982e-05, "relative_l2": 0.0017811759938245262, "rmse": 0.0033986032888457256, "seconds": 7.010186651721597}}
{"epoch": 419, "learning_rate": 6.617866627725487e-05, "train": {"mse": 1.1082537206793259e-05, "relative_l2": 0.0017447208780564827, "rmse": 0.0033290444885572283, "seconds": 7.386803502216935}}
{"epoch": 420, "learning_rate": 6.466111999813408e-05, "train": {"mse": 1.1003174457304967e-05, "relative_l2": 0.0017384626269535963, "rmse": 0.0033171033232784544, "seconds": 7.208161192946136}, "validation": {"mse": 1.2093447951856487e-05, "relative_l2": 0.001839429556625047, "rmse": 0.003477563507954454, "seconds": 0.3399292668327689}}
{"epoch": 421, "learning_rate": 6.316081937000785e-05, "train": {"mse": 1.1205573516066916e-05, "relative_l2": 0.001754378935631456, "rmse": 0.003347472705798647, "seconds": 6.983469755388796}}
{"epoch": 422, "learning_rate": 6.16778236221758e-05, "train": {"mse": 1.101920088295808e-05, "relative_l2": 0.0017397282249410433, "rmse": 0.003319518170300937, "seconds": 6.834907757118344}}
{"epoch": 423, "learning_rate": 6.021219130077118e-05, "train": {"mse": 1.103418175346718e-05, "relative_l2": 0.0017409104247409414, "rmse": 0.0033217738865653065, "seconds": 7.05783892609179}}
{"epoch": 424, "learning_rate": 5.8763980266448146e-05, "train": {"mse": 1.0801120292759703e-05, "relative_l2": 0.0017224267473774115, "rmse": 0.003286505787726488, "seconds": 7.031935818493366}}
{"epoch": 425, "learning_rate": 5.7333247692098726e-05, "train": {"mse": 1.0917986805240314e-05, "relative_l2": 0.0017317198770995354, "rmse": 0.0033042377041067, "seconds": 7.2739053294062614}}
{"epoch": 426, "learning_rate": 5.5920050060595074e-05, "train": {"mse": 1.0888702779294488e-05, "relative_l2": 0.0017293959253220793, "rmse": 0.003299803445554672, "seconds": 7.215562494471669}}
{"epoch": 427, "learning_rate": 5.452444316255998e-05, "train": {"mse": 1.0558646598351216e-05, "relative_l2": 0.0017029836806545335, "rmse": 0.0032494071148982265, "seconds": 7.36864161491394}}
{"epoch": 428, "learning_rate": 5.3146482094164084e-05, "train": {"mse": 1.0805409351835946e-05, "relative_l2": 0.0017227686945895375, "rmse": 0.003287158248675586, "seconds": 7.104528930038214}}
{"epoch": 429, "learning_rate": 5.178622125495095e-05, "train": {"mse": 1.06977897646006e-05, "relative_l2": 0.0017141680200860284, "rmse": 0.0032707475849720656, "seconds": 7.369518199004233}}
{"epoch": 430, "learning_rate": 5.044371434568941e-05, "train": {"mse": 1.0733740154408409e-05, "relative_l2": 0.0017170458752937044, "rmse": 0.0032762387206075826, "seconds": 7.280653257854283}}
{"epoch": 431, "learning_rate": 4.911901436625324e-05, "train": {"mse": 1.0427756662556749e-05, "relative_l2": 0.0016923952699941765, "rmse": 0.0032292037195811524, "seconds": 7.194481597281992}}
{"epoch": 432, "learning_rate": 4.7812173613529724e-05, "train": {"mse": 1.0426095339977098e-05, "relative_l2": 0.001692260453330437, "rmse": 0.0032289464752419013, "seconds": 6.9675266575068235}}
{"epoch": 433, "learning_rate": 4.652324367935393e-05, "train": {"mse": 1.0437934080551485e-05, "relative_l2": 0.001693220952402168, "rmse": 0.0032307791754546586, "seconds": 6.935725473798811}}
{"epoch": 434, "learning_rate": 4.5252275448472665e-05, "train": {"mse": 1.046603238079957e-05, "relative_l2": 0.0016954984466461577, "rmse": 0.0032351247859703294, "seconds": 7.150521150790155}}
{"epoch": 435, "learning_rate": 4.399931909653545e-05, "train": {"mse": 1.0299873790014053e-05, "relative_l2": 0.0016819857450895315, "rmse": 0.0032093416443273928, "seconds": 6.551831755787134}}
{"epoch": 436, "learning_rate": 4.2764424088113774e-05, "train": {"mse": 1.0294555158850675e-05, "relative_l2": 0.0016815514172054305, "rmse": 0.003208512920162653, "seconds": 7.280648049898446}}
{"epoch": 437, "learning_rate": 4.154763917474778e-05, "train": {"mse": 1.0142315828246985e-05, "relative_l2": 0.001669071433570851, "rmse": 0.0031847002729059114, "seconds": 7.165115071460605}}
{"epoch": 438, "learning_rate": 4.034901239302266e-05, "train": {"mse": 1.0142171272111985e-05, "relative_l2": 0.0016690595389454888, "rmse": 0.0031846775774184715, "seconds": 7.322449713945389}}
{"epoch": 439, "learning_rate": 3.9168591062671404e-05, "train": {"mse": 1.0189802560977594e-05, "relative_l2": 0.0016729742038654716, "rmse": 0.003192147014311464, "seconds": 7.263224549591541}}
{"epoch": 440, "learning_rate": 3.800642178470669e-05, "train": {"mse": 1.012530825333205e-05, "relative_l2": 0.0016676714211998251, "rmse": 0.003182028952308896, "seconds": 6.896839703433216}, "validation": {"mse": 1.003274894849269e-05, "relative_l2": 0.001675398271975381, "rmse": 0.003167451491103327, "seconds": 0.3135680742561817}}
{"epoch": 441, "learning_rate": 3.686255043958188e-05, "train": {"mse": 9.947690285905869e-06, "relative_l2": 0.0016529795747600743, "rmse": 0.0031539959235715362, "seconds": 6.953502280637622}}
{"epoch": 442, "learning_rate": 3.573702218537895e-05, "train": {"mse": 1.0116067397112618e-05, "relative_l2": 0.0016669102471820547, "rmse": 0.0031805765824945353, "seconds": 7.261796615086496}}
{"epoch": 443, "learning_rate": 3.462988145602618e-05, "train": {"mse": 1.0026212794308414e-05, "relative_l2": 0.0016594906826735898, "rmse": 0.003166419554371848, "seconds": 7.224551166407764}}
{"epoch": 444, "learning_rate": 3.354117195954381e-05, "train": {"mse": 1.0129939601896052e-05, "relative_l2": 0.001668052775616296, "rmse": 0.0031827566042498525, "seconds": 7.138950922526419}}
{"epoch": 445, "learning_rate": 3.24709366763187e-05, "train": {"mse": 1.0029321395886872e-05, "relative_l2": 0.0016597479221748049, "rmse": 0.003166910386462944, "seconds": 6.9934023302048445}}
{"epoch": 446, "learning_rate": 3.141921785740707e-05, "train": {"mse": 9.975970011509345e-06, "relative_l2": 0.0016553274881994226, "rmse": 0.0031584759000994997, "seconds": 7.252249446697533}}
{"epoch": 447, "learning_rate": 3.038605702286739e-05, "train": {"mse": 9.952920945937524e-06, "relative_l2": 0.0016534140964121322, "rmse": 0.0031548250261999515, "seconds": 6.976654198952019}}
{"epoch": 448, "learning_rate": 2.937149496012003e-05, "train": {"mse": 9.940653261607755e-06, "relative_l2": 0.0016523948108157762, "rmse": 0.003152880153384799, "seconds": 7.0293038636446}}
{"epoch": 449, "learning_rate": 2.8375571722338117e-05, "train": {"mse": 9.75479020136678e-06, "relative_l2": 0.0016368742837477386, "rmse": 0.0031232659511105966, "seconds": 6.399160085245967}}
{"epoch": 450, "learning_rate": 2.7398326626865993e-05, "train": {"mse": 9.787578245777332e-06, "relative_l2": 0.0016396229267707336, "rmse": 0.0031285105474933806, "seconds": 7.223829738795757}}
{"epoch": 451, "learning_rate": 2.6439798253666484e-05, "train": {"mse": 9.58047687947869e-06, "relative_l2": 0.001622183285697234, "rmse": 0.0030952345435327983, "seconds": 7.243257922120392}}
{"epoch": 452, "learning_rate": 2.5500024443798517e-05, "train": {"mse": 9.554516266057354e-06, "relative_l2": 0.0016199839495011114, "rmse": 0.0030910380563909843, "seconds": 7.382609252817929}}
{"epoch": 453, "learning_rate": 2.4579042297923e-05, "train": {"mse": 9.682638298519357e-06, "relative_l2": 0.0016308094309311378, "rmse": 0.0031116937989653414, "seconds": 7.207276566885412}}
{"epoch": 454, "learning_rate": 2.3676888174838175e-05, "train": {"mse": 9.659816040666756e-06, "relative_l2": 0.001628886360977062, "rmse": 0.0031080244594704778, "seconds": 7.137301733717322}}
{"epoch": 455, "learning_rate": 2.279359769004391e-05, "train": {"mse": 9.51705946105564e-06, "relative_l2": 0.0016168053974602375, "rmse": 0.0030849731702327072, "seconds": 6.924457929097116}}
{"epoch": 456, "learning_rate": 2.192920571433625e-05, "train": {"mse": 9.52819965839267e-06, "relative_l2": 0.0016177514000207795, "rmse": 0.003086778200388339, "seconds": 7.1455434411764145}}
{"epoch": 457, "learning_rate": 2.108374637243019e-05, "train": {"mse": 9.475015161071947e-06, "relative_l2": 0.0016132300976109321, "rmse": 0.0030781512570164492, "seconds": 7.284934666007757}}
{"epoch": 458, "learning_rate": 2.0257253041613006e-05, "train": {"mse": 9.648834563747138e-06, "relative_l2": 0.0016279602265158884, "rmse": 0.003106257324135774, "seconds": 6.98205044772476}}
{"epoch": 459, "learning_rate": 1.9449758350426187e-05, "train": {"mse": 9.551140097919814e-06, "relative_l2": 0.0016196977062179923, "rmse": 0.003090491886078948, "seconds": 7.10944795422256}}
{"epoch": 460, "learning_rate": 1.866129417737744e-05, "train": {"mse": 9.484903782070754e-06, "relative_l2": 0.001614071706121532, "rmse": 0.0030797570979008643, "seconds": 7.165596147067845}, "validation": {"mse": 9.392623936463735e-06, "relative_l2": 0.0016210692130955093, "rmse": 0.003064738803954382, "seconds": 0.3344600722193718}}
{"epoch": 461, "learning_rate": 1.7891891649682293e-05, "train": {"mse": 9.448100697851467e-06, "relative_l2": 0.0016109372200640126, "rmse": 0.003073776292746671, "seconds": 7.26588171441108}}
{"epoch": 462, "learning_rate": 1.7141581142035055e-05, "train": {"mse": 9.446375766497647e-06, "relative_l2": 0.0016107901590590272, "rmse": 0.003073495691634795, "seconds": 7.010047270916402}}
{"epoch": 463, "learning_rate": 1.641039227540996e-05, "train": {"mse": 9.55200688746161e-06, "relative_l2": 0.0016197711997261435, "rmse": 0.0030906321177813466, "seconds": 6.566927949897945}}
{"epoch": 464, "learning_rate": 1.5698353915891274e-05, "train": {"mse": 9.25209922065397e-06, "relative_l2": 0.0015941401493049223, "rmse": 0.0030417263553209335, "seconds": 7.1096169808879495}}
{"epoch": 465, "learning_rate": 1.5005494173534485e-05, "train": {"mse": 9.269097065943444e-06, "relative_l2": 0.0015956038430925807, "rmse": 0.0030445191846896684, "seconds": 7.2181399473920465}}
{"epoch": 466, "learning_rate": 1.4331840401255574e-05, "train": {"mse": 9.376270686854384e-06, "relative_l2": 0.0016048018910723104, "rmse": 0.0030620696737426443, "seconds": 6.898347482085228}}
{"epoch": 467, "learning_rate": 1.3677419193752198e-05, "train": {"mse": 9.221364015679873e-06, "relative_l2": 0.0015914901039222726, "rmse": 0.0030366698891515806, "seconds": 7.114534527994692}}
{"epoch": 468, "learning_rate": 1.3042256386452961e-05, "train": {"mse": 9.32431141817998e-06, "relative_l2": 0.0016003491489481924, "rmse": 0.0030535735488407645, "seconds": 7.044468731619418}}
{"epoch": 469, "learning_rate": 1.2426377054498034e-05, "train": {"mse": 9.270197994070138e-06, "relative_l2": 0.0015956985990362277, "rmse": 0.003044699984246418, "seconds": 7.239770484156907}}
{"epoch": 470, "learning_rate": 1.1829805511748692e-05, "train": {"mse": 9.319159958117498e-06, "relative_l2": 0.0015999070142822115, "rmse": 0.0030527299189606503, "seconds": 7.081471426412463}}
{"epoch": 471, "learning_rate": 1.125256530982815e-05, "train": {"mse": 9.296830049056017e-06, "relative_l2": 0.0015979890713362923, "rmse": 0.0030490703581675543, "seconds": 7.017129005864263}}
{"epoch": 472, "learning_rate": 1.0694679237191159e-05, "train": {"mse": 9.278616916663394e-06, "relative_l2": 0.0015964230181182986, "rmse": 0.003046082224212504, "seconds": 7.006838110275567}}
{"epoch": 473, "learning_rate": 1.015616931822449e-05, "train": {"mse": 9.24811919857404e-06, "relative_l2": 0.001593797233588061, "rmse": 0.003041072047580267, "seconds": 7.2354954946786165}}
{"epoch": 474, "learning_rate": 9.6370568123778e-06, "train": {"mse": 9.079746898271129e-06, "relative_l2": 0.0015792221615527494, "rmse": 0.0030132618369917885, "seconds": 7.190431168302894}}
{"epoch": 475, "learning_rate": 9.137362213323892e-06, "train": {"mse": 9.115956301341751e-06, "relative_l2": 0.00158236794385784, "rmse": 0.003019264198665256, "seconds": 7.209413530305028}}
{"epoch": 476, "learning_rate": 8.657105248149909e-06, "train": {"mse": 9.146333098441303e-06, "relative_l2": 0.001585002186843621, "rmse": 0.003024290511581403, "seconds": 7.014451286755502}}
{"epoch": 477, "learning_rate": 8.196304876578523e-06, "train": {"mse": 9.131561947648158e-06, "relative_l2": 0.0015837217964883243, "rmse": 0.003021847439505866, "seconds": 6.630315246060491}}
{"epoch": 478, "learning_rate": 7.754979290219395e-06, "train": {"mse": 9.13643154228281e-06, "relative_l2": 0.0015841440173724906, "rmse": 0.003022653063499483, "seconds": 7.140402790158987}}
{"epoch": 479, "learning_rate": 7.333145911850976e-06, "train": {"mse": 9.071369789644867e-06, "relative_l2": 0.0015784934894252495, "rmse": 0.003011871476282623, "seconds": 6.956218717619777}}
{"epoch": 480, "learning_rate": 6.9308213947328445e-06, "train": {"mse": 8.914363245199065e-06, "relative_l2": 0.0015647736406943875, "rmse": 0.0029856930929348826, "seconds": 6.949986889027059}, "validation": {"mse": 9.401369631706836e-06, "relative_l2": 0.0016218237455197797, "rmse": 0.0030661652975185203, "seconds": 0.33843340910971165}}
{"epoch": 481, "learning_rate": 6.548021621947936e-06, "train": {"mse": 9.062725276557986e-06, "relative_l2": 0.0015777412024348485, "rmse": 0.003010436060865267, "seconds": 7.256471794098616}}
{"epoch": 482, "learning_rate": 6.184761705775823e-06, "train": {"mse": 9.014831923558088e-06, "relative_l2": 0.001573566771373921, "rmse": 0.003002470969644517, "seconds": 6.9687553914263844}}
{"epoch": 483, "learning_rate": 5.841055987096044e-06, "train": {"mse": 8.886646450368944e-06, "relative_l2": 0.001562339131036946, "rmse": 0.002981047877906181, "seconds": 7.20839596260339}}
{"epoch": 484, "learning_rate": 5.51691803482187e-06, "train": {"mse": 9.016391575455427e-06, "relative_l2": 0.0015737028849153053, "rmse": 0.003002730686467807, "seconds": 7.102813127450645}}
{"epoch": 485, "learning_rate": 5.212360645364628e-06, "train": {"mse": 8.961815107427909e-06, "relative_l2": 0.0015689328238514034, "rmse": 0.0029936290864814746, "seconds": 6.847385224886239}}
{"epoch": 486, "learning_rate": 4.927395842128511e-06, "train": {"mse": 8.966381447073704e-06, "relative_l2": 0.0015693324818734406, "rmse": 0.0029943916656098453, "seconds": 7.183136596344411}}
{"epoch": 487, "learning_rate": 4.662034875036115e-06, "train": {"mse": 9.013318388672647e-06, "relative_l2": 0.001573434672513065, "rmse": 0.0030022189108512135, "seconds": 7.211747660301626}}
{"epoch": 488, "learning_rate": 4.4162882200839575e-06, "train": {"mse": 9.022816866933705e-06, "relative_l2": 0.0015742635147187516, "rmse": 0.0030038004039772193, "seconds": 7.265611989423633}}
{"epoch": 489, "learning_rate": 4.190165578929228e-06, "train": {"mse": 9.047731396532106e-06, "relative_l2": 0.0015764355113194724, "rmse": 0.0030079447130112124, "seconds": 6.94608473405242}}
{"epoch": 490, "learning_rate": 3.98367587850663e-06, "train": {"mse": 9.05849149008235e-06, "relative_l2": 0.0015773726234505326, "rmse": 0.0030097327938011956, "seconds": 6.541399276815355}}
{"epoch": 491, "learning_rate": 3.7968272706759533e-06, "train": {"mse": 8.95016897031052e-06, "relative_l2": 0.0015679130553835161, "rmse": 0.002991683300469908, "seconds": 6.861489518545568}}
{"epoch": 492, "learning_rate": 3.6296271319002937e-06, "train": {"mse": 9.094204616820266e-06, "relative_l2": 0.001580478964259278, "rmse": 0.0030156598974055856, "seconds": 6.972294510342181}}
{"epoch": 493, "learning_rate": 3.482082062954835e-06, "train": {"mse": 9.070750981747747e-06, "relative_l2": 0.001578439650882327, "rmse": 0.0030117687463926818, "seconds": 7.1554540721699595}}
{"epoch": 494, "learning_rate": 3.3541978886662824e-06, "train": {"mse": 9.053535923778177e-06, "relative_l2": 0.001576941105031119, "rmse": 0.003008909424322736, "seconds": 7.1035547545179725}}
{"epoch": 495, "learning_rate": 3.245979657682798e-06, "train": {"mse": 9.04637568531755e-06, "relative_l2": 0.0015763173986066046, "rmse": 0.0030077193494934913, "seconds": 7.064417220652103}}
{"epoch": 496, "learning_rate": 3.1574316422749806e-06, "train": {"mse": 9.064484912597252e-06, "relative_l2": 0.0015778943621863198, "rmse": 0.0030107283026864534, "seconds": 6.823551718145609}}
{"epoch": 497, "learning_rate": 3.0885573381667312e-06, "train": {"mse": 8.943472128220185e-06, "relative_l2": 0.0015673263610266306, "rmse": 0.002990563847875545, "seconds": 7.175195530056953}}
{"epoch": 498, "learning_rate": 3.0393594643976684e-06, "train": {"mse": 8.951573005455458e-06, "relative_l2": 0.0015680360307530228, "rmse": 0.0029919179476475383, "seconds": 7.175834065303206}}
{"epoch": 499, "learning_rate": 3.009839963215648e-06, "train": {"mse": 8.91300275579779e-06, "relative_l2": 0.001564654233221347, "rmse": 0.0029854652494708074, "seconds": 7.103419881314039}}
{"epoch": 500, "learning_rate": 3e-06, "train": {"mse": 9.006019683922837e-06, "relative_l2": 0.001572797479728562, "rmse": 0.003001003112947875, "seconds": 7.173203379847109}, "validation": {"mse": 9.485609554304572e-06, "relative_l2": 0.001629073626570076, "rmse": 0.0030798716782204695, "seconds": 0.4022692693397403}}
{"summary": {"additional_epochs": 500, "best_validation_mse": 9.392623936463735e-06, "best_validation_relative_l2": 0.0016210692130955093, "best_validation_score": 0.0016210692130955093, "end_epoch": 500, "initial_learning_rate": 0.001, "kept_resume_learning_rate": false, "minimum_learning_rate": 3e-06, "optimizer": "adamw", "peak_cuda_memory_bytes": 101947904, "plateau_cooldown": null, "plateau_factor": null, "plateau_patience": null, "plateau_threshold": null, "plateau_threshold_mode": null, "resume_checkpoint": null, "scheduler": "cosine", "scheduler_restarted_on_resume": false, "start_epoch": 0, "test": {"mse": 9.424853865466193e-06, "relative_l2": 0.0016722956393126537, "rmse": 0.003069992486223084, "seconds": 0.26784749794751406}, "total_seconds": 3557.3541946671903, "training_loss": "relative_l2", "validation_selection_metric": "relative_l2", "weight_decay": 0.0001}}
