{"additional_epochs": 500, "device": "cuda", "end_epoch": 500, "initial_learning_rate": 0.001, "input_channels": 13, "input_fields": ["force", "displacement", "velocity", "acceleration"], "optimizer": "adamw", "parameters": 1076194, "resume_checkpoint": null, "retained_time_points": 501, "run_dir": "experiments/fno1d_w64_b2_seed42_20260821-135228", "scheduler": "cosine", "scheduler_restarted_on_resume": false, "split_sizes": {"test": 200, "train": 5000, "val": 500}, "start_epoch": 0, "target_channels": 2, "target_fields": ["disturbance"], "training_loss": "relative_l2"}
{"epoch": 1, "learning_rate": 0.0009999901600367843, "train": {"mse": 3.6419751984312625, "relative_l2": 1.0001723658647834, "rmse": 1.9083959752711863, "seconds": 5.868683956563473}}
{"epoch": 2, "learning_rate": 0.0009999606405356025, "train": {"mse": 3.6408713243435007, "relative_l2": 1.000020780908042, "rmse": 1.9081067381945647, "seconds": 5.100969178602099}}
{"epoch": 3, "learning_rate": 0.0009999114426618334, "train": {"mse": 3.6407611986963575, "relative_l2": 1.00000565491574, "rmse": 1.9080778806684904, "seconds": 5.216499708592892}}
{"epoch": 4, "learning_rate": 0.0009998425683577252, "train": {"mse": 3.6407669750343064, "relative_l2": 1.0000064490369025, "rmse": 1.908079394321501, "seconds": 5.174050409346819}}
{"epoch": 5, "learning_rate": 0.0009997540203423175, "train": {"mse": 3.640882880917852, "relative_l2": 1.0000223664219392, "rmse": 1.90810976647515, "seconds": 5.308328418061137}}
{"epoch": 6, "learning_rate": 0.0009996458021113341, "train": {"mse": 3.595670760822106, "relative_l2": 0.9937938807566303, "rmse": 1.8962253982114325, "seconds": 5.244514641351998}}
{"epoch": 7, "learning_rate": 0.0009995179179370457, "train": {"mse": 1.864127686131643, "relative_l2": 0.715556922290912, "rmse": 1.3653306142219337, "seconds": 5.20045409258455}}
{"epoch": 8, "learning_rate": 0.0009993703728681002, "train": {"mse": 0.7677015440881847, "relative_l2": 0.4592007255872941, "rmse": 0.8761857931330459, "seconds": 5.129029447212815}}
{"epoch": 9, "learning_rate": 0.0009992031727293245, "train": {"mse": 0.002218884152185893, "relative_l2": 0.024687304495870678, "rmse": 0.04710503319376703, "seconds": 5.208217980340123}}
{"epoch": 10, "learning_rate": 0.0009990163241214937, "train": {"mse": 0.0010968859518835407, "relative_l2": 0.017357496891309117, "rmse": 0.03311926858919956, "seconds": 5.258232086896896}}
{"epoch": 11, "learning_rate": 0.000998809834421071, "train": {"mse": 0.000808441191352532, "relative_l2": 0.014901520215123941, "rmse": 0.028433100276834603, "seconds": 5.295740162953734}}
{"epoch": 12, "learning_rate": 0.0009985837117799162, "train": {"mse": 0.0005784541771797363, "relative_l2": 0.012604941653239379, "rmse": 0.02405107434564486, "seconds": 5.285743899643421}}
{"epoch": 13, "learning_rate": 0.000998337965124964, "train": {"mse": 0.015346681865817773, "relative_l2": 0.06492524609469646, "rmse": 0.12388172531014319, "seconds": 5.442336832173169}}
{"epoch": 14, "learning_rate": 0.0009980726041578718, "train": {"mse": 0.0004803301967546611, "relative_l2": 0.011486198135133133, "rmse": 0.021916436680141715, "seconds": 5.2751096822321415}}
{"epoch": 15, "learning_rate": 0.0009977876393546356, "train": {"mse": 0.00039032828348601413, "relative_l2": 0.01035431492836697, "rmse": 0.019756727550027463, "seconds": 5.584386381320655}}
{"epoch": 16, "learning_rate": 0.0009974830819651783, "train": {"mse": 0.0021305926701503837, "relative_l2": 0.02419115327604676, "rmse": 0.046158343451107336, "seconds": 5.284878436475992}}
{"epoch": 17, "learning_rate": 0.000997158944012904, "train": {"mse": 0.0003399206062990748, "relative_l2": 0.009662624557145, "rmse": 0.0184369359249056, "seconds": 4.577558177523315}}
{"epoch": 18, "learning_rate": 0.0009968152382942243, "train": {"mse": 0.0003820552781908336, "relative_l2": 0.010243997444903084, "rmse": 0.019546234373680103, "seconds": 5.231561842374504}}
{"epoch": 19, "learning_rate": 0.0009964519783780522, "train": {"mse": 0.02510017711566594, "relative_l2": 0.0830318571177278, "rmse": 0.15843035414864773, "seconds": 5.14878492988646}}
{"epoch": 20, "learning_rate": 0.0009960691786052673, "train": {"mse": 0.00027853168541799763, "relative_l2": 0.008746688536193422, "rmse": 0.016689268570491567, "seconds": 5.232740030623972}, "validation": {"mse": 0.00017401104618213373, "relative_l2": 0.006977446251644455, "rmse": 0.013191324656081123, "seconds": 0.44672663789242506}}
{"epoch": 21, "learning_rate": 0.000995666854088149, "train": {"mse": 0.00023980756110535888, "relative_l2": 0.008115920693333927, "rmse": 0.015485721200685452, "seconds": 5.12044620513916}}
{"epoch": 22, "learning_rate": 0.0009952450207097805, "train": {"mse": 0.00027687127615163426, "relative_l2": 0.008720578793281515, "rmse": 0.016639449394485212, "seconds": 5.324415046721697}}
{"epoch": 23, "learning_rate": 0.0009948036951234213, "train": {"mse": 0.023198522842453863, "relative_l2": 0.07982455852454574, "rmse": 0.15231061303288704, "seconds": 5.1378444423899055}}
{"epoch": 24, "learning_rate": 0.00099434289475185, "train": {"mse": 0.0002701734765204127, "relative_l2": 0.008614453173710337, "rmse": 0.016436954599937686, "seconds": 5.3211735328659415}}
{"epoch": 25, "learning_rate": 0.000993862637786676, "train": {"mse": 0.00025015293610786013, "relative_l2": 0.008289134024555443, "rmse": 0.01581622382580179, "seconds": 5.294982981868088}}
{"epoch": 26, "learning_rate": 0.000993362943187622, "train": {"mse": 0.008758635012165991, "relative_l2": 0.049048369280126736, "rmse": 0.09358757936909144, "seconds": 5.102523475885391}}
{"epoch": 27, "learning_rate": 0.0009928438306817753, "train": {"mse": 0.003291450068015538, "relative_l2": 0.030067685179993277, "rmse": 0.057371160594984816, "seconds": 5.3479502610862255}}
{"epoch": 28, "learning_rate": 0.0009923053207628086, "train": {"mse": 0.00022076257322124854, "relative_l2": 0.007786980426490463, "rmse": 0.014858081074662655, "seconds": 5.095694022253156}}
{"epoch": 29, "learning_rate": 0.0009917474346901715, "train": {"mse": 0.0002241683310139441, "relative_l2": 0.00784681634958978, "rmse": 0.014972252035480305, "seconds": 5.444876739755273}}
{"epoch": 30, "learning_rate": 0.000991170194488251, "train": {"mse": 0.0003398651826524449, "relative_l2": 0.009661836786919389, "rmse": 0.018435432803502197, "seconds": 5.4704990312457085}}
{"epoch": 31, "learning_rate": 0.0009905736229455016, "train": {"mse": 0.009725705901008404, "relative_l2": 0.051685286216813155, "rmse": 0.09861899361182107, "seconds": 5.337227492593229}}
{"epoch": 32, "learning_rate": 0.0009899577436135467, "train": {"mse": 0.00024319680219519877, "relative_l2": 0.008173071324072217, "rmse": 0.015594768423904178, "seconds": 5.244788344018161}}
{"epoch": 33, "learning_rate": 0.0009893225808062474, "train": {"mse": 0.00019330318792613443, "relative_l2": 0.007286615727224481, "rmse": 0.013903351679581956, "seconds": 5.357556927017868}}
{"epoch": 34, "learning_rate": 0.0009886681595987442, "train": {"mse": 0.00023303485292636467, "relative_l2": 0.008000493910932263, "rmse": 0.015265479125345678, "seconds": 5.248214414343238}}
{"epoch": 35, "learning_rate": 0.0009879945058264654, "train": {"mse": 0.0021535049390055223, "relative_l2": 0.024320880562562874, "rmse": 0.04640587181602693, "seconds": 5.237011625431478}}
{"epoch": 36, "learning_rate": 0.0009873016460841086, "train": {"mse": 0.00023603116696228286, "relative_l2": 0.008051763977194554, "rmse": 0.015363305860467755, "seconds": 4.550786622799933}}
{"epoch": 37, "learning_rate": 0.00098658960772459, "train": {"mse": 0.0002223009748730117, "relative_l2": 0.007814065415001898, "rmse": 0.014909761060225334, "seconds": 5.156158672645688}}
{"epoch": 38, "learning_rate": 0.0009858584188579649, "train": {"mse": 0.0007844309341169879, "relative_l2": 0.014678568891149763, "rmse": 0.02800769419493486, "seconds": 5.033597300760448}}
{"epoch": 39, "learning_rate": 0.0009851081083503176, "train": {"mse": 0.00022838060234835048, "relative_l2": 0.007920196668361133, "rmse": 0.015112266618490772, "seconds": 5.33090525213629}}
{"epoch": 40, "learning_rate": 0.0009843387058226225, "train": {"mse": 0.0001963819516989999, "relative_l2": 0.007344413918318495, "rmse": 0.014013634492843029, "seconds": 5.22927488014102}, "validation": {"mse": 0.00020620604986678102, "relative_l2": 0.007595542395240631, "rmse": 0.014359876387587081, "seconds": 0.3154164291918278}}
{"epoch": 41, "learning_rate": 0.0009835502416495738, "train": {"mse": 0.004077218656685062, "relative_l2": 0.033464809748602706, "rmse": 0.06385310216962886, "seconds": 5.239255764521658}}
{"epoch": 42, "learning_rate": 0.0009827427469583868, "train": {"mse": 0.00019445896074919407, "relative_l2": 0.007308366855150997, "rmse": 0.013944854274935758, "seconds": 5.146115058101714}}
{"epoch": 43, "learning_rate": 0.0009819162536275697, "train": {"mse": 0.0005595206633775296, "relative_l2": 0.012396937848345611, "rmse": 0.02365418912957131, "seconds": 5.279495337978005}}
{"epoch": 44, "learning_rate": 0.0009810707942856636, "train": {"mse": 0.00022207431468421115, "relative_l2": 0.007810080759688168, "rmse": 0.014902158054597702, "seconds": 5.079586051404476}}
{"epoch": 45, "learning_rate": 0.000980206402309956, "train": {"mse": 0.00020323661047065567, "relative_l2": 0.007471491921150084, "rmse": 0.014256107830353124, "seconds": 5.379460150375962}}
{"epoch": 46, "learning_rate": 0.0009793231118251618, "train": {"mse": 0.016249683144908704, "relative_l2": 0.06680805177067646, "rmse": 0.12747424502584317, "seconds": 5.1832465985789895}}
{"epoch": 47, "learning_rate": 0.0009784209577020772, "train": {"mse": 0.0001970349880749594, "relative_l2": 0.007356615122043821, "rmse": 0.01403691519084444, "seconds": 5.199057480320334}}
{"epoch": 48, "learning_rate": 0.0009774999755562017, "train": {"mse": 0.00021140108737284076, "relative_l2": 0.0076200876679051914, "rmse": 0.014539638488382054, "seconds": 5.245265311561525}}
{"epoch": 49, "learning_rate": 0.0009765602017463338, "train": {"mse": 0.001648158301766999, "relative_l2": 0.02127677592806795, "rmse": 0.0405975159556222, "seconds": 5.120887303724885}}
{"epoch": 50, "learning_rate": 0.0009756016733731344, "train": {"mse": 0.00018323619955790019, "relative_l2": 0.007094339960968343, "rmse": 0.013536476630124259, "seconds": 5.206322864629328}}
{"epoch": 51, "learning_rate": 0.000974624428277662, "train": {"mse": 0.00017738816438320868, "relative_l2": 0.006980213063485726, "rmse": 0.013318714817249023, "seconds": 5.161297744140029}}
{"epoch": 52, "learning_rate": 0.0009736285050398801, "train": {"mse": 0.00020387643702372818, "relative_l2": 0.007483243497493178, "rmse": 0.014278530632517066, "seconds": 5.1450171787291765}}
{"epoch": 53, "learning_rate": 0.0009726139429771328, "train": {"mse": 0.0015351245127335756, "relative_l2": 0.020534217720661573, "rmse": 0.03918066503689767, "seconds": 5.253372339531779}}
{"epoch": 54, "learning_rate": 0.0009715807821425931, "train": {"mse": 0.0001798689616951876, "relative_l2": 0.007028853203357466, "rmse": 0.013411523466600937, "seconds": 5.251160171814263}}
{"epoch": 55, "learning_rate": 0.0009705290633236816, "train": {"mse": 0.00018061916443878068, "relative_l2": 0.007043496023535253, "rmse": 0.013439462952022327, "seconds": 4.611040866933763}}
{"epoch": 56, "learning_rate": 0.0009694588280404565, "train": {"mse": 0.00018381659106580083, "relative_l2": 0.007105566581366637, "rmse": 0.013557897737695208, "seconds": 5.318597470410168}}
{"epoch": 57, "learning_rate": 0.0009683701185439742, "train": {"mse": 0.003027217613966641, "relative_l2": 0.028835546075908026, "rmse": 0.05502015643349845, "seconds": 5.312807386741042}}
{"epoch": 58, "learning_rate": 0.0009672629778146214, "train": {"mse": 0.00016828374202379923, "relative_l2": 0.006798724451155854, "rmse": 0.01297242236530245, "seconds": 5.27910628169775}}
{"epoch": 59, "learning_rate": 0.0009661374495604182, "train": {"mse": 0.0001632938843406365, "relative_l2": 0.0066971699399958114, "rmse": 0.012778649550740349, "seconds": 5.311572659760714}}
{"epoch": 60, "learning_rate": 0.0009649935782152935, "train": {"mse": 0.0038512986072582636, "relative_l2": 0.03252444954043367, "rmse": 0.06205883182318423, "seconds": 5.227801193483174}, "validation": {"mse": 0.00025092569558682315, "relative_l2": 0.00837877752426434, "rmse": 0.01584063431769142, "seconds": 0.30462092347443104}}
{"epoch": 61, "learning_rate": 0.0009638314089373288, "train": {"mse": 0.00017592808222342395, "relative_l2": 0.006951426625940384, "rmse": 0.01326378838128172, "seconds": 5.3410653388127685}}
{"epoch": 62, "learning_rate": 0.0009626509876069774, "train": {"mse": 0.0002670389014030407, "relative_l2": 0.008564334587860444, "rmse": 0.016341324958614605, "seconds": 5.3192255310714245}}
{"epoch": 63, "learning_rate": 0.0009614523608252524, "train": {"mse": 0.00015720513200688505, "relative_l2": 0.006571124854450287, "rmse": 0.012538147072310367, "seconds": 5.493384143337607}}
{"epoch": 64, "learning_rate": 0.0009602355759118866, "train": {"mse": 0.000524333982880482, "relative_l2": 0.012000804551338796, "rmse": 0.02289834017741203, "seconds": 5.4943208964541554}}
{"epoch": 65, "learning_rate": 0.0009590006809034648, "train": {"mse": 0.00015761056496592577, "relative_l2": 0.006579592877006345, "rmse": 0.012554304638884854, "seconds": 5.311505469493568}}
{"epoch": 66, "learning_rate": 0.0009577477245515276, "train": {"mse": 0.0001669693740839492, "relative_l2": 0.0067721219292328, "rmse": 0.012921662976720497, "seconds": 5.227251740172505}}
{"epoch": 67, "learning_rate": 0.0009564767563206465, "train": {"mse": 0.006962153971403421, "relative_l2": 0.043729868473837426, "rmse": 0.08343952283782201, "seconds": 5.356227797456086}}
{"epoch": 68, "learning_rate": 0.0009551878263864707, "train": {"mse": 0.00015074771905611612, "relative_l2": 0.00643475081875554, "rmse": 0.012277936270241678, "seconds": 5.328368763439357}}
{"epoch": 69, "learning_rate": 0.0009538809856337472, "train": {"mse": 0.00015883881190341867, "relative_l2": 0.006605180255208667, "rmse": 0.01260312706844689, "seconds": 5.292475201189518}}
{"epoch": 70, "learning_rate": 0.0009525562856543112, "train": {"mse": 0.00017458386374804788, "relative_l2": 0.006924818738618235, "rmse": 0.013213018722004744, "seconds": 5.291742171160877}}
{"epoch": 71, "learning_rate": 0.0009512137787450496, "train": {"mse": 0.0001563494621815082, "relative_l2": 0.0065532171000046565, "rmse": 0.012503977854327325, "seconds": 5.4265262903645635}}
{"epoch": 72, "learning_rate": 0.0009498535179058366, "train": {"mse": 0.002447783306978658, "relative_l2": 0.025929422452488006, "rmse": 0.04947507763489268, "seconds": 5.25306570995599}}
{"epoch": 73, "learning_rate": 0.0009484755568374407, "train": {"mse": 0.00014600599392088588, "relative_l2": 0.006332740633812301, "rmse": 0.012083294001259999, "seconds": 5.252671771682799}}
{"epoch": 74, "learning_rate": 0.0009470799499394055, "train": {"mse": 0.00013692325568960575, "relative_l2": 0.006132604639979707, "rmse": 0.011701421097012351, "seconds": 4.607575832866132}}
{"epoch": 75, "learning_rate": 0.0009456667523079018, "train": {"mse": 0.000146498213312821, "relative_l2": 0.0063434062125097635, "rmse": 0.012103644629318105, "seconds": 5.570571897551417}}
{"epoch": 76, "learning_rate": 0.0009442360197335523, "train": {"mse": 0.0012121914246125136, "relative_l2": 0.018247020636390585, "rmse": 0.03481653952667487, "seconds": 5.291008870117366}}
{"epoch": 77, "learning_rate": 0.0009427878086992294, "train": {"mse": 0.0001460234081078908, "relative_l2": 0.006333118288368025, "rmse": 0.01208401456916909, "seconds": 5.286744712851942}}
{"epoch": 78, "learning_rate": 0.0009413221763778248, "train": {"mse": 0.00016261439714841024, "relative_l2": 0.006683221516158796, "rmse": 0.012752035019886443, "seconds": 5.303100688382983}}
{"epoch": 79, "learning_rate": 0.0009398391806299928, "train": {"mse": 0.00015430208358935968, "relative_l2": 0.006510168876074739, "rmse": 0.012421838977758474, "seconds": 5.476457906886935}}
{"epoch": 80, "learning_rate": 0.0009383388800018664, "train": {"mse": 0.00040234311204589534, "relative_l2": 0.010512466968812464, "rmse": 0.02005849226751341, "seconds": 5.333793255500495}, "validation": {"mse": 0.00015150652376715533, "relative_l2": 0.006510641130998554, "rmse": 0.012308798632163715, "seconds": 0.34419514797627926}}
{"epoch": 81, "learning_rate": 0.0009368213337227456, "train": {"mse": 0.0001669752736232, "relative_l2": 0.0067722415778678335, "rmse": 0.012921891255663778, "seconds": 5.421398675069213}}
{"epoch": 82, "learning_rate": 0.0009352866017027589, "train": {"mse": 0.00014874439714792484, "relative_l2": 0.006391851358318848, "rmse": 0.01219608122094654, "seconds": 5.183914202265441}}
{"epoch": 83, "learning_rate": 0.0009337347445304986, "train": {"mse": 0.0003894813530697318, "relative_l2": 0.010343075480850976, "rmse": 0.019735281935400157, "seconds": 5.206422816030681}}
{"epoch": 84, "learning_rate": 0.0009321658234706287, "train": {"mse": 0.00015118689306243928, "relative_l2": 0.006444117192015614, "rmse": 0.01229580794671254, "seconds": 5.231916059739888}}
{"epoch": 85, "learning_rate": 0.0009305799004614663, "train": {"mse": 0.0001289035283757779, "relative_l2": 0.005950298620905053, "rmse": 0.011353568970846916, "seconds": 5.168210533447564}}
{"epoch": 86, "learning_rate": 0.000928977038112536, "train": {"mse": 0.00030461056254462094, "relative_l2": 0.009147003350614668, "rmse": 0.017453096073322377, "seconds": 5.295325538143516}}
{"epoch": 87, "learning_rate": 0.0009273572997020989, "train": {"mse": 0.00015409255898046398, "relative_l2": 0.006505747336927342, "rmse": 0.012413402393399805, "seconds": 5.23252197727561}}
{"epoch": 88, "learning_rate": 0.0009257207491746543, "train": {"mse": 0.0005000584635965362, "relative_l2": 0.011719706904199427, "rmse": 0.022361987022546458, "seconds": 5.261561303399503}}
{"epoch": 89, "learning_rate": 0.0009240674511384143, "train": {"mse": 0.00015273984326811846, "relative_l2": 0.006477128745025653, "rmse": 0.012358796190087385, "seconds": 5.285425735637546}}
{"epoch": 90, "learning_rate": 0.0009223974708627548, "train": {"mse": 0.00014730327948481736, "relative_l2": 0.006360812105535963, "rmse": 0.012136856243888586, "seconds": 5.344457964412868}}
{"epoch": 91, "learning_rate": 0.0009207108742756375, "train": {"mse": 0.00036430707781198257, "relative_l2": 0.010003227911650167, "rmse": 0.019086829957119193, "seconds": 5.283251604996622}}
{"epoch": 92, "learning_rate": 0.0009190077279610079, "train": {"mse": 0.0001767764993710908, "relative_l2": 0.006968168177039506, "rmse": 0.013295732374378285, "seconds": 5.237290621735156}}
{"epoch": 93, "learning_rate": 0.0009172880991561661, "train": {"mse": 0.00013267433182327095, "relative_l2": 0.0060367030576698715, "rmse": 0.011518434434560581, "seconds": 4.806195944547653}}
{"epoch": 94, "learning_rate": 0.0009155520557491128, "train": {"mse": 0.0001539401519084405, "relative_l2": 0.0065025292475737895, "rmse": 0.012407262063341796, "seconds": 5.160344637930393}}
{"epoch": 95, "learning_rate": 0.0009137996662758693, "train": {"mse": 0.0010897426144270126, "relative_l2": 0.017300885268310376, "rmse": 0.03301124981619164, "seconds": 5.204507750459015}}
{"epoch": 96, "learning_rate": 0.0009120309999177713, "train": {"mse": 0.00011330940050636223, "relative_l2": 0.005578781217212281, "rmse": 0.010644688840279092, "seconds": 5.329851360991597}}
{"epoch": 97, "learning_rate": 0.0009102461264987383, "train": {"mse": 0.00012600226252973675, "relative_l2": 0.0058829550665888426, "rmse": 0.011225072940953958, "seconds": 5.247033386491239}}
{"epoch": 98, "learning_rate": 0.0009084451164825165, "train": {"mse": 0.0005997409334201775, "relative_l2": 0.012834773377432029, "rmse": 0.02448960868246321, "seconds": 5.147790075279772}}
{"epoch": 99, "learning_rate": 0.0009066280409698975, "train": {"mse": 0.00012783435909690972, "relative_l2": 0.005925570353759114, "rmse": 0.011306385766322929, "seconds": 5.226321689784527}}
{"epoch": 100, "learning_rate": 0.0009047949716959116, "train": {"mse": 0.00011398627526626854, "relative_l2": 0.005595419342421723, "rmse": 0.010676435513141479, "seconds": 5.185378173366189}, "validation": {"mse": 0.00010686387737354119, "relative_l2": 0.005467937660667717, "rmse": 0.010337498603315079, "seconds": 0.32684142980724573}}
{"epoch": 101, "learning_rate": 0.0009029459810269945, "train": {"mse": 0.0001237486588205406, "relative_l2": 0.005830108131740322, "rmse": 0.01112423744894636, "seconds": 5.490265481173992}}
{"epoch": 102, "learning_rate": 0.0009010811419581323, "train": {"mse": 0.0005675222977073845, "relative_l2": 0.012485266695569198, "rmse": 0.023822726496087396, "seconds": 5.166810415685177}}
{"epoch": 103, "learning_rate": 0.0008992005281099779, "train": {"mse": 0.00011873438423146269, "relative_l2": 0.005710769230568625, "rmse": 0.010896530834695174, "seconds": 5.2936003701761365}}
{"epoch": 104, "learning_rate": 0.000897304213725946, "train": {"mse": 0.0001303669121926892, "relative_l2": 0.005983978828326631, "rmse": 0.011417833077808118, "seconds": 5.350302985869348}}
{"epoch": 105, "learning_rate": 0.0008953922736692817, "train": {"mse": 0.00014002421715421354, "relative_l2": 0.006201659753697835, "rmse": 0.011833182883493923, "seconds": 5.241851003840566}}
{"epoch": 106, "learning_rate": 0.0008934647834201047, "train": {"mse": 0.00011863687554757276, "relative_l2": 0.005708423802919873, "rmse": 0.010892055616254113, "seconds": 5.283269798383117}}
{"epoch": 107, "learning_rate": 0.0008915218190724294, "train": {"mse": 0.00013062441625043066, "relative_l2": 0.005989885773115038, "rmse": 0.011429103912837203, "seconds": 5.3907561572268605}}
{"epoch": 108, "learning_rate": 0.0008895634573311616, "train": {"mse": 0.00014348126142443772, "relative_l2": 0.006277749074772206, "rmse": 0.011978366392143702, "seconds": 5.253418890759349}}
{"epoch": 109, "learning_rate": 0.0008875897755090692, "train": {"mse": 0.0010358447937134972, "relative_l2": 0.01686761588837616, "rmse": 0.032184542776206984, "seconds": 5.147343348711729}}
{"epoch": 110, "learning_rate": 0.0008856008515237313, "train": {"mse": 0.00012547055672623678, "relative_l2": 0.005870529457289302, "rmse": 0.011201364056499404, "seconds": 5.504299676045775}}
{"epoch": 111, "learning_rate": 0.0008835967638944613, "train": {"mse": 0.00012593534575132076, "relative_l2": 0.005881392704846499, "rmse": 0.011222091861650428, "seconds": 5.254574000835419}}
{"epoch": 112, "learning_rate": 0.0008815775917392073, "train": {"mse": 0.00014014293974388145, "relative_l2": 0.0062042883061149455, "rmse": 0.011838198331835866, "seconds": 4.83492764737457}}
{"epoch": 113, "learning_rate": 0.0008795434147714283, "train": {"mse": 0.00011232750571654466, "relative_l2": 0.005554556863935499, "rmse": 0.010598467139947393, "seconds": 5.310142541304231}}
{"epoch": 114, "learning_rate": 0.0008774943132969483, "train": {"mse": 0.00010759715999433856, "relative_l2": 0.005436341910524337, "rmse": 0.01037290508943076, "seconds": 5.340400886721909}}
{"epoch": 115, "learning_rate": 0.0008754303682107846, "train": {"mse": 9.64547883845613e-05, "relative_l2": 0.005147166957613419, "rmse": 0.009821139871957903, "seconds": 5.0645408891141415}}
{"epoch": 116, "learning_rate": 0.0008733516609939554, "train": {"mse": 0.00019966337037181665, "relative_l2": 0.007405519991594809, "rmse": 0.014130228956808048, "seconds": 5.197240016423166}}
{"epoch": 117, "learning_rate": 0.0008712582737102621, "train": {"mse": 0.00012173096342477018, "relative_l2": 0.005782383463569612, "rmse": 0.011033175582069298, "seconds": 5.316803536377847}}
{"epoch": 118, "learning_rate": 0.0008691502890030503, "train": {"mse": 0.0001371109105036882, "relative_l2": 0.006136805609573179, "rmse": 0.011709436814112292, "seconds": 5.197219040244818}}
{"epoch": 119, "learning_rate": 0.0008670277900919469, "train": {"mse": 0.00010252021227530138, "relative_l2": 0.00530653590318216, "rmse": 0.010125226529579543, "seconds": 5.195956661365926}}
{"epoch": 120, "learning_rate": 0.0008648908607695743, "train": {"mse": 0.00016606720627068046, "relative_l2": 0.006753801607437956, "rmse": 0.012886706571916677, "seconds": 5.396828096359968}, "validation": {"mse": 0.0001258204488935109, "relative_l2": 0.005933127836541402, "rmse": 0.011216971467089987, "seconds": 0.36519434209913015}}
{"epoch": 121, "learning_rate": 0.0008627395853982434, "train": {"mse": 0.00012541879301299593, "relative_l2": 0.005869318367481055, "rmse": 0.011199053219491188, "seconds": 5.078371527604759}}
{"epoch": 122, "learning_rate": 0.0008605740489066222, "train": {"mse": 0.00010264746203512965, "relative_l2": 0.005309828166335557, "rmse": 0.010131508379068226, "seconds": 5.229618555866182}}
{"epoch": 123, "learning_rate": 0.0008583943367863835, "train": {"mse": 0.00014867032842483824, "relative_l2": 0.006390259707357932, "rmse": 0.01219304426403998, "seconds": 5.2905572932213545}}
{"epoch": 124, "learning_rate": 0.0008562005350888295, "train": {"mse": 9.364198766306726e-05, "relative_l2": 0.005071561202667374, "rmse": 0.00967687902492675, "seconds": 5.423383732326329}}
{"epoch": 125, "learning_rate": 0.0008539927304214945, "train": {"mse": 0.00019412960580841987, "relative_l2": 0.007302175142105041, "rmse": 0.01393304007775833, "seconds": 5.5604745941236615}}
{"epoch": 126, "learning_rate": 0.000851771009944727, "train": {"mse": 0.00010025698905457518, "relative_l2": 0.00524763582492414, "rmse": 0.010012841207897746, "seconds": 5.428978462703526}}
{"epoch": 127, "learning_rate": 0.0008495354613682468, "train": {"mse": 9.278168708026529e-05, "relative_l2": 0.005048210924075314, "rmse": 0.009632325112882418, "seconds": 5.098089328967035}}
{"epoch": 128, "learning_rate": 0.0008472861729476839, "train": {"mse": 9.94038647877242e-05, "relative_l2": 0.005225261070158757, "rmse": 0.00997014868433386, "seconds": 5.369392768479884}}
{"epoch": 129, "learning_rate": 0.0008450232334810938, "train": {"mse": 0.000268239055749423, "relative_l2": 0.00858355837610921, "rmse": 0.01637800524329575, "seconds": 5.18200255651027}}
{"epoch": 130, "learning_rate": 0.000842746732305452, "train": {"mse": 9.681618899225951e-05, "relative_l2": 0.005156800744473856, "rmse": 0.00983952178676685, "seconds": 4.929622615687549}}
{"epoch": 131, "learning_rate": 0.0008404567592931265, "train": {"mse": 9.715413830415932e-05, "relative_l2": 0.005165793126635856, "rmse": 0.00985667988240256, "seconds": 5.186878528445959}}
{"epoch": 132, "learning_rate": 0.0008381534048483312, "train": {"mse": 0.00010128779036556176, "relative_l2": 0.005274543852118644, "rmse": 0.010064183541925384, "seconds": 5.265317413955927}}
{"epoch": 133, "learning_rate": 0.0008358367599035555, "train": {"mse": 0.00011451795276053651, "relative_l2": 0.005608453802065913, "rmse": 0.01070130612404563, "seconds": 5.400305001996458}}
{"epoch": 134, "learning_rate": 0.0008335069159159749, "train": {"mse": 9.317681240345427e-05, "relative_l2": 0.005058948787992194, "rmse": 0.009652813703964988, "seconds": 5.154153319075704}}
{"epoch": 135, "learning_rate": 0.000831163964863841, "train": {"mse": 0.00010017376038247716, "relative_l2": 0.005245457195639394, "rmse": 0.010008684248315417, "seconds": 5.105056895874441}}
{"epoch": 136, "learning_rate": 0.0008288079992428493, "train": {"mse": 0.00010254571140407327, "relative_l2": 0.005307195798576213, "rmse": 0.010126485639355505, "seconds": 5.050981038250029}}
{"epoch": 137, "learning_rate": 0.0008264391120624886, "train": {"mse": 0.00011141340069606632, "relative_l2": 0.005531909602187458, "rmse": 0.010555254648565628, "seconds": 5.326876884326339}}
{"epoch": 138, "learning_rate": 0.0008240573968423686, "train": {"mse": 9.118840748856882e-05, "relative_l2": 0.005004678397876195, "rmse": 0.009549262143672087, "seconds": 5.303860423155129}}
{"epoch": 139, "learning_rate": 0.0008216629476085279, "train": {"mse": 0.00011327041210885533, "relative_l2": 0.005577821337490139, "rmse": 0.01064285732822043, "seconds": 5.1772382743656635}}
{"epoch": 140, "learning_rate": 0.0008192558588897224, "train": {"mse": 9.95675348682318e-05, "relative_l2": 0.005229561041253408, "rmse": 0.00997835331446185, "seconds": 5.312525029294193}, "validation": {"mse": 0.0002026071967241055, "relative_l2": 0.007528969270012223, "rmse": 0.014234015481377892, "seconds": 0.3071120781823993}}
{"epoch": 141, "learning_rate": 0.0008168362257136932, "train": {"mse": 0.0001154088500493063, "relative_l2": 0.005630227141670447, "rmse": 0.010742851113615337, "seconds": 5.039331496693194}}
{"epoch": 142, "learning_rate": 0.0008144041436034149, "train": {"mse": 8.531139515295715e-05, "relative_l2": 0.004840719092912935, "rmse": 0.009236416791860205, "seconds": 5.245660332031548}}
{"epoch": 143, "learning_rate": 0.0008119597085733248, "train": {"mse": 7.78037794246645e-05, "relative_l2": 0.004622817043758078, "rmse": 0.008820645068511967, "seconds": 5.012670791707933}}
{"epoch": 144, "learning_rate": 0.0008095030171255324, "train": {"mse": 0.0001802687130942792, "relative_l2": 0.007036659529505082, "rmse": 0.013426418476059772, "seconds": 5.278299247846007}}
{"epoch": 145, "learning_rate": 0.0008070341662460096, "train": {"mse": 8.450991754343885e-05, "relative_l2": 0.00481792680901795, "rmse": 0.00919292758284535, "seconds": 5.077960780821741}}
{"epoch": 146, "learning_rate": 0.0008045532534007615, "train": {"mse": 7.880084528597054e-05, "relative_l2": 0.004652343763185331, "rmse": 0.008876984019697824, "seconds": 5.255387285724282}}
{"epoch": 147, "learning_rate": 0.0008020603765319795, "train": {"mse": 8.474931619362441e-05, "relative_l2": 0.004824746074252234, "rmse": 0.009205939180421757, "seconds": 5.166282828897238}}
{"epoch": 148, "learning_rate": 0.0007995556340541738, "train": {"mse": 7.28252929633487e-05, "relative_l2": 0.004472470440852922, "rmse": 0.008533773664877028, "seconds": 5.119652671739459}}
{"epoch": 149, "learning_rate": 0.0007970391248502887, "train": {"mse": 0.00014767929840825512, "relative_l2": 0.006368925511293702, "rmse": 0.012152337158269397, "seconds": 5.247143871150911}}
{"epoch": 150, "learning_rate": 0.0007945109482677985, "train": {"mse": 9.680314242780328e-05, "relative_l2": 0.005156453281794448, "rmse": 0.009838858797025358, "seconds": 4.777662420645356}}
{"epoch": 151, "learning_rate": 0.0007919712041147858, "train": {"mse": 8.247041866450966e-05, "relative_l2": 0.004759435643135075, "rmse": 0.009081322517371006, "seconds": 5.275447931140661}}
{"epoch": 152, "learning_rate": 0.0007894199926560009, "train": {"mse": 8.378292865857868e-05, "relative_l2": 0.004797159159954806, "rmse": 0.009153301516861482, "seconds": 5.291695348918438}}
{"epoch": 153, "learning_rate": 0.000786857414608904, "train": {"mse": 0.00022289125144243717, "relative_l2": 0.007824432900237321, "rmse": 0.0149295429080209, "seconds": 5.182164973579347}}
{"epoch": 154, "learning_rate": 0.0007842835711396887, "train": {"mse": 8.46377754223323e-05, "relative_l2": 0.0048215700358991125, "rmse": 0.009199879098245383, "seconds": 5.244492154568434}}
{"epoch": 155, "learning_rate": 0.0007816985638592877, "train": {"mse": 7.622868364264151e-05, "relative_l2": 0.004575784566195592, "rmse": 0.008730903941897511, "seconds": 5.41158604901284}}
{"epoch": 156, "learning_rate": 0.0007791024948193623, "train": {"mse": 7.693313037207027e-05, "relative_l2": 0.004596878878693667, "rmse": 0.008771153309119062, "seconds": 5.373583575710654}}
{"epoch": 157, "learning_rate": 0.0007764954665082731, "train": {"mse": 7.384619404693802e-05, "relative_l2": 0.004503710000167515, "rmse": 0.00859338082752871, "seconds": 5.342222456820309}}
{"epoch": 158, "learning_rate": 0.0007738775818470337, "train": {"mse": 0.00011205883422297632, "relative_l2": 0.005547910023122448, "rmse": 0.01058578453507232, "seconds": 5.424176819622517}}
{"epoch": 159, "learning_rate": 0.0007712489441852482, "train": {"mse": 7.331889366020937e-05, "relative_l2": 0.004487601770258768, "rmse": 0.008562645248999247, "seconds": 5.328284969553351}}
{"epoch": 160, "learning_rate": 0.0007686096572970303, "train": {"mse": 7.234903859223673e-05, "relative_l2": 0.004457822190831001, "rmse": 0.008505823804443443, "seconds": 5.16368671040982}, "validation": {"mse": 6.791892600154687e-05, "relative_l2": 0.004359166883732461, "rmse": 0.00824129395189535, "seconds": 0.34676883462816477}}
{"epoch": 161, "learning_rate": 0.0007659598253769075, "train": {"mse": 7.652835462859528e-05, "relative_l2": 0.004584769928735753, "rmse": 0.00874804861832599, "seconds": 5.363815965130925}}
{"epoch": 162, "learning_rate": 0.0007632995530357066, "train": {"mse": 0.00025738078260612105, "relative_l2": 0.00840803319025698, "rmse": 0.01604309142921404, "seconds": 5.327517957426608}}
{"epoch": 163, "learning_rate": 0.0007606289452964242, "train": {"mse": 8.7660811475651e-05, "relative_l2": 0.004906921410448269, "rmse": 0.009362735256091085, "seconds": 5.379823494702578}}
{"epoch": 164, "learning_rate": 0.0007579481075900816, "train": {"mse": 0.0001138208799792859, "relative_l2": 0.005591358370464195, "rmse": 0.010668686891051115, "seconds": 5.230113840661943}}
{"epoch": 165, "learning_rate": 0.0007552571457515607, "train": {"mse": 8.500210480716177e-05, "relative_l2": 0.004831936284179402, "rmse": 0.009219658605781549, "seconds": 5.473417692817748}}
{"epoch": 166, "learning_rate": 0.0007525561660154272, "train": {"mse": 7.178636501113812e-05, "relative_l2": 0.00444045364771319, "rmse": 0.008472683459869023, "seconds": 5.242861057631671}}
{"epoch": 167, "learning_rate": 0.0007498452750117368, "train": {"mse": 7.41846986159593e-05, "relative_l2": 0.004514020502583534, "rmse": 0.008613053965694126, "seconds": 5.2146780882030725}}
{"epoch": 168, "learning_rate": 0.0007471245797618239, "train": {"mse": 6.687398417862114e-05, "relative_l2": 0.004285830171408641, "rmse": 0.008177651507530822, "seconds": 4.830088101327419}}
{"epoch": 169, "learning_rate": 0.0007443941876740786, "train": {"mse": 6.612493987092953e-05, "relative_l2": 0.004261760150050002, "rmse": 0.008131724286455458, "seconds": 5.161748684942722}}
{"epoch": 170, "learning_rate": 0.0007416542065397055, "train": {"mse": 8.596829105458573e-05, "relative_l2": 0.004859320068467965, "rmse": 0.009271908706117944, "seconds": 5.297427471727133}}
{"epoch": 171, "learning_rate": 0.0007389047445284681, "train": {"mse": 6.723681130035671e-05, "relative_l2": 0.004297440907943032, "rmse": 0.008199805564789735, "seconds": 5.2646185690537095}}
{"epoch": 172, "learning_rate": 0.0007361459101844188, "train": {"mse": 6.826449747452003e-05, "relative_l2": 0.0043301586427820235, "rmse": 0.008262233201412316, "seconds": 5.32305455673486}}
{"epoch": 173, "learning_rate": 0.0007333778124216136, "train": {"mse": 6.785826474844577e-05, "relative_l2": 0.00431725533258358, "rmse": 0.008237612806417025, "seconds": 5.300703312270343}}
{"epoch": 174, "learning_rate": 0.0007306005605198124, "train": {"mse": 8.395071443980801e-05, "relative_l2": 0.004801960215302672, "rmse": 0.009162462247660723, "seconds": 5.242083190008998}}
{"epoch": 175, "learning_rate": 0.0007278142641201647, "train": {"mse": 6.645103041045442e-05, "relative_l2": 0.004272255515769865, "rmse": 0.008151750144015358, "seconds": 5.165876551531255}}
{"epoch": 176, "learning_rate": 0.0007250190332208818, "train": {"mse": 7.428931733686292e-05, "relative_l2": 0.004517202323491489, "rmse": 0.008619125091148342, "seconds": 5.058135214261711}}
{"epoch": 177, "learning_rate": 0.000722214978172893, "train": {"mse": 6.584893388305595e-05, "relative_l2": 0.004252856532473172, "rmse": 0.008114735601549563, "seconds": 5.185946490615606}}
{"epoch": 178, "learning_rate": 0.0007194022096754907, "train": {"mse": 6.747059502347025e-05, "relative_l2": 0.004304905574978343, "rmse": 0.008214048637758986, "seconds": 5.380883924663067}}
{"epoch": 179, "learning_rate": 0.0007165808387719588, "train": {"mse": 6.480252597027434e-05, "relative_l2": 0.004218930065773228, "rmse": 0.008050001613060357, "seconds": 5.165246955119073}}
{"epoch": 180, "learning_rate": 0.0007137509768451893, "train": {"mse": 6.855231928908659e-05, "relative_l2": 0.004339277606546034, "rmse": 0.008279632799169694, "seconds": 5.205118766985834}, "validation": {"mse": 4.656503020884272e-05, "relative_l2": 0.0036094251092908336, "rmse": 0.006823857428818594, "seconds": 0.33273077104240656}}
{"epoch": 181, "learning_rate": 0.000710912735613286, "train": {"mse": 6.449151086117217e-05, "relative_l2": 0.004208793661124442, "rmse": 0.00803066067401507, "seconds": 5.328505449928343}}
{"epoch": 182, "learning_rate": 0.0007080662271251528, "train": {"mse": 6.19107119218556e-05, "relative_l2": 0.004123720847610888, "rmse": 0.007868336032596446, "seconds": 5.175524866208434}}
{"epoch": 183, "learning_rate": 0.0007052115637560707, "train": {"mse": 0.00016709122343394094, "relative_l2": 0.006774592527598971, "rmse": 0.012926377042077216, "seconds": 5.236220539547503}}
{"epoch": 184, "learning_rate": 0.0007023488582032615, "train": {"mse": 6.656262760093351e-05, "relative_l2": 0.004275841404240977, "rmse": 0.008158592256077853, "seconds": 5.264338692650199}}
{"epoch": 185, "learning_rate": 0.0006994782234814389, "train": {"mse": 6.064961688842126e-05, "relative_l2": 0.004081505542087356, "rmse": 0.00778778639206426, "seconds": 5.19700600579381}}
{"epoch": 186, "learning_rate": 0.0006965997729183461, "train": {"mse": 5.5128408560971775e-05, "relative_l2": 0.0038912943759285513, "rmse": 0.007424850743346412, "seconds": 5.273886543698609}}
{"epoch": 187, "learning_rate": 0.0006937136201502827, "train": {"mse": 5.902741580249782e-05, "relative_l2": 0.004026551371944737, "rmse": 0.007682930157335665, "seconds": 4.785360019654036}}
{"epoch": 188, "learning_rate": 0.0006908198791176185, "train": {"mse": 5.252646114416941e-05, "relative_l2": 0.003798353931462954, "rmse": 0.007247514135492901, "seconds": 5.250140838325024}}
{"epoch": 189, "learning_rate": 0.0006879186640602941, "train": {"mse": 5.365100063368708e-05, "relative_l2": 0.003838798118081916, "rmse": 0.0073246843367948, "seconds": 5.325104523450136}}
{"epoch": 190, "learning_rate": 0.0006850100895133126, "train": {"mse": 5.873475176785996e-05, "relative_l2": 0.004016556938399241, "rmse": 0.007663860108839407, "seconds": 5.369158061221242}}
{"epoch": 191, "learning_rate": 0.0006820942703022167, "train": {"mse": 0.00010563300526487137, "relative_l2": 0.005386493954170877, "rmse": 0.010277791847710839, "seconds": 5.412257649004459}}
{"epoch": 192, "learning_rate": 0.000679171321538556, "train": {"mse": 5.635624087142373e-05, "relative_l2": 0.003934389633427897, "rmse": 0.007507079383583454, "seconds": 5.258874883875251}}
{"epoch": 193, "learning_rate": 0.0006762413586153432, "train": {"mse": 5.82234303126792e-05, "relative_l2": 0.003999035444292234, "rmse": 0.0076304279246107295, "seconds": 5.2932122349739075}}
{"epoch": 194, "learning_rate": 0.0006733044972024975, "train": {"mse": 5.799829512834549e-05, "relative_l2": 0.003991296331294947, "rmse": 0.007615661174733648, "seconds": 5.260967733338475}}
{"epoch": 195, "learning_rate": 0.0006703608532422785, "train": {"mse": 5.976471188599002e-05, "relative_l2": 0.0040516206330642405, "rmse": 0.007730763991093638, "seconds": 5.324178457260132}}
{"epoch": 196, "learning_rate": 0.0006674105429447096, "train": {"mse": 0.00010998692241852393, "relative_l2": 0.005496381684999591, "rmse": 0.010487465013935634, "seconds": 5.1521964790299535}}
{"epoch": 197, "learning_rate": 0.0006644536827829897, "train": {"mse": 5.255442006799751e-05, "relative_l2": 0.003799364704160465, "rmse": 0.007249442741893856, "seconds": 5.084898930974305}}
{"epoch": 198, "learning_rate": 0.0006614903894888946, "train": {"mse": 5.394262074234481e-05, "relative_l2": 0.00384921687263488, "rmse": 0.007344564026703341, "seconds": 5.326789636164904}}
{"epoch": 199, "learning_rate": 0.0006585207800481702, "train": {"mse": 5.937605971645214e-05, "relative_l2": 0.004038425230660018, "rmse": 0.007705586266887948, "seconds": 5.181932531297207}}
{"epoch": 200, "learning_rate": 0.0006555449716959121, "train": {"mse": 5.3565689570413614e-05, "relative_l2": 0.0038357448415654617, "rmse": 0.007318858488207953, "seconds": 5.109325268305838}, "validation": {"mse": 6.082188922488047e-05, "relative_l2": 0.004125133838523702, "rmse": 0.007798838966466769, "seconds": 0.3541366392746568}}
{"epoch": 201, "learning_rate": 0.0006525630819119387, "train": {"mse": 5.767212914611527e-05, "relative_l2": 0.0039800575517438186, "rmse": 0.007594216822432401, "seconds": 5.2529037445783615}}
{"epoch": 202, "learning_rate": 0.0006495752284161527, "train": {"mse": 5.657971010593597e-05, "relative_l2": 0.003942182431446953, "rmse": 0.0075219485577831475, "seconds": 5.335623128339648}}
{"epoch": 203, "learning_rate": 0.0006465815291638944, "train": {"mse": 5.192549314327582e-05, "relative_l2": 0.003776562481587149, "rmse": 0.007205934578059658, "seconds": 5.1717271422967315}}
{"epoch": 204, "learning_rate": 0.0006435821023412838, "train": {"mse": 6.096676529465083e-05, "relative_l2": 0.0040921631063708256, "rmse": 0.00780812175203812, "seconds": 5.371051397174597}}
{"epoch": 205, "learning_rate": 0.0006405770663605566, "train": {"mse": 5.1457762798506345e-05, "relative_l2": 0.0037595148912330095, "rmse": 0.007173406638306959, "seconds": 5.321485019288957}}
{"epoch": 206, "learning_rate": 0.0006375665398553874, "train": {"mse": 6.125785605517214e-05, "relative_l2": 0.004101920660830918, "rmse": 0.00782673981011073, "seconds": 4.82000685762614}}
{"epoch": 207, "learning_rate": 0.000634550641676208, "train": {"mse": 5.0125353606399185e-05, "relative_l2": 0.0037105226193400436, "rmse": 0.007079926101761174, "seconds": 5.266316948458552}}
{"epoch": 208, "learning_rate": 0.0006315294908855143, "train": {"mse": 4.558878213821533e-05, "relative_l2": 0.003538631620925889, "rmse": 0.006751946544383726, "seconds": 5.299182275310159}}
{"epoch": 209, "learning_rate": 0.0006285032067531669, "train": {"mse": 4.8053681570850684e-05, "relative_l2": 0.003633035924910241, "rmse": 0.006932076281378523, "seconds": 5.210587681271136}}
{"epoch": 210, "learning_rate": 0.0006254719087516808, "train": {"mse": 5.360297672822328e-05, "relative_l2": 0.0038370796379808693, "rmse": 0.007321405379312313, "seconds": 5.201406312175095}}
{"epoch": 211, "learning_rate": 0.0006224357165515114, "train": {"mse": 6.046714764869142e-05, "relative_l2": 0.004075361145805926, "rmse": 0.0077760624771597234, "seconds": 5.259297719225287}}
{"epoch": 212, "learning_rate": 0.0006193947500163277, "train": {"mse": 5.332469558584952e-05, "relative_l2": 0.003827106532252217, "rmse": 0.007302376023312516, "seconds": 5.156856101937592}}
{"epoch": 213, "learning_rate": 0.0006163491291982813, "train": {"mse": 4.635502144307672e-05, "relative_l2": 0.0035682457103102866, "rmse": 0.006808452206124143, "seconds": 5.155165298841894}}
{"epoch": 214, "learning_rate": 0.0006132989743332674, "train": {"mse": 4.631211754983057e-05, "relative_l2": 0.0035665940347330842, "rmse": 0.006805300695034024, "seconds": 5.201881011016667}}
{"epoch": 215, "learning_rate": 0.0006102444058361774, "train": {"mse": 4.21148788964677e-05, "relative_l2": 0.0034011370917572843, "rmse": 0.006489597745351225, "seconds": 5.181136057712138}}
{"epoch": 216, "learning_rate": 0.0006071855442961452, "train": {"mse": 5.190382152795791e-05, "relative_l2": 0.003775774304771499, "rmse": 0.007204430687289448, "seconds": 5.1582515221089125}}
{"epoch": 217, "learning_rate": 0.0006041225104717867, "train": {"mse": 4.762058467892354e-05, "relative_l2": 0.0036166270012759306, "rmse": 0.0069007669630935615, "seconds": 5.1695631155744195}}
{"epoch": 218, "learning_rate": 0.0006010554252864328, "train": {"mse": 4.8614382714092614e-05, "relative_l2": 0.0036541699952475585, "rmse": 0.006972401502645456, "seconds": 5.177366754971445}}
{"epoch": 219, "learning_rate": 0.0005979844098233547, "train": {"mse": 5.155956339157984e-05, "relative_l2": 0.0037632318387807793, "rmse": 0.007180498826096961, "seconds": 5.338579599745572}}
{"epoch": 220, "learning_rate": 0.0005949095853209846, "train": {"mse": 4.937761443817687e-05, "relative_l2": 0.003682742992742935, "rmse": 0.007026920693886965, "seconds": 5.31570555921644}, "validation": {"mse": 3.860314312333356e-05, "relative_l2": 0.0032863924500250285, "rmse": 0.006213142773454796, "seconds": 0.3229864202439785}}
{"epoch": 221, "learning_rate": 0.0005918310731681289, "train": {"mse": 4.564856899950557e-05, "relative_l2": 0.0035409512144470444, "rmse": 0.0067563724734139375, "seconds": 5.418486846610904}}
{"epoch": 222, "learning_rate": 0.0005887489948991761, "train": {"mse": 4.6957833089395434e-05, "relative_l2": 0.0035913719264170176, "rmse": 0.006852578572289079, "seconds": 5.321259179152548}}
{"epoch": 223, "learning_rate": 0.0005856634721892988, "train": {"mse": 4.738636109643354e-05, "relative_l2": 0.003607721781423497, "rmse": 0.006883775206704061, "seconds": 5.286118977703154}}
{"epoch": 224, "learning_rate": 0.0005825746268496505, "train": {"mse": 4.9799422726421774e-05, "relative_l2": 0.0036984394541477493, "rmse": 0.007056870604341685, "seconds": 5.250355194322765}}
{"epoch": 225, "learning_rate": 0.000579482580822556, "train": {"mse": 4.517625804224652e-05, "relative_l2": 0.003522585048547489, "rmse": 0.0067213285920453645, "seconds": 4.483260225504637}}
{"epoch": 226, "learning_rate": 0.0005763874561766983, "train": {"mse": 4.694777008093998e-05, "relative_l2": 0.003590987090868485, "rmse": 0.006851844283179528, "seconds": 5.273610993288457}}
{"epoch": 227, "learning_rate": 0.0005732893751022987, "train": {"mse": 4.32020172565997e-05, "relative_l2": 0.0034447552627158945, "rmse": 0.006572824146179456, "seconds": 5.284673359245062}}
{"epoch": 228, "learning_rate": 0.0005701884599062931, "train": {"mse": 4.061191052555324e-05, "relative_l2": 0.003339896965682882, "rmse": 0.0063727474864106485, "seconds": 5.179650933481753}}
{"epoch": 229, "learning_rate": 0.0005670848330075037, "train": {"mse": 4.241323199814665e-05, "relative_l2": 0.003413163111103283, "rmse": 0.0065125442031625895, "seconds": 5.181415928527713}}
{"epoch": 230, "learning_rate": 0.0005639786169318064, "train": {"mse": 4.198716612692603e-05, "relative_l2": 0.0033959762209102694, "rmse": 0.0064797504679521434, "seconds": 5.394626935943961}}
{"epoch": 231, "learning_rate": 0.0005608699343072934, "train": {"mse": 4.184283560621524e-05, "relative_l2": 0.0033901343792609143, "rmse": 0.006468603837476464, "seconds": 5.396538236178458}}
{"epoch": 232, "learning_rate": 0.0005577589078594314, "train": {"mse": 4.243568731044343e-05, "relative_l2": 0.0034140665268546804, "rmse": 0.0065142679796308224, "seconds": 5.250217725522816}}
{"epoch": 233, "learning_rate": 0.0005546456604062179, "train": {"mse": 4.217694088846386e-05, "relative_l2": 0.0034036421808201515, "rmse": 0.006494377636730394, "seconds": 5.117807480506599}}
{"epoch": 234, "learning_rate": 0.0005515303148533314, "train": {"mse": 4.2695639709274685e-05, "relative_l2": 0.0034245075020977096, "rmse": 0.006534190057633362, "seconds": 5.200196429155767}}
{"epoch": 235, "learning_rate": 0.0005484129941892801, "train": {"mse": 4.3659199197254255e-05, "relative_l2": 0.0034629342190037496, "rmse": 0.006607510817036493, "seconds": 5.223487936891615}}
{"epoch": 236, "learning_rate": 0.0005452938214805463, "train": {"mse": 3.87265348788388e-05, "relative_l2": 0.0032614496544633217, "rmse": 0.006223064749690365, "seconds": 5.505049738101661}}
{"epoch": 237, "learning_rate": 0.0005421729198667273, "train": {"mse": 3.589117420231273e-05, "relative_l2": 0.0031397870390095207, "rmse": 0.005990924319528058, "seconds": 5.307104956358671}}
{"epoch": 238, "learning_rate": 0.0005390504125556752, "train": {"mse": 7.765388576957043e-05, "relative_l2": 0.004618361826201647, "rmse": 0.008812144220878958, "seconds": 5.327521041035652}}
{"epoch": 239, "learning_rate": 0.000535926422818632, "train": {"mse": 3.721163156860603e-05, "relative_l2": 0.0031970226651494823, "rmse": 0.0061001337336656835, "seconds": 5.301057358272374}}
{"epoch": 240, "learning_rate": 0.0005328010739853634, "train": {"mse": 3.4442147695851656e-05, "relative_l2": 0.003075753109420708, "rmse": 0.005868743280792886, "seconds": 5.359174394980073}, "validation": {"mse": 2.768155295929747e-05, "relative_l2": 0.0027829366230571547, "rmse": 0.005261326159752641, "seconds": 0.34752125572413206}}
{"epoch": 241, "learning_rate": 0.0005296744894392898, "train": {"mse": 4.101312853500039e-05, "relative_l2": 0.0033563543717820077, "rmse": 0.006404149321728873, "seconds": 5.244693755172193}}
{"epoch": 242, "learning_rate": 0.0005265467926126158, "train": {"mse": 3.8548169195830467e-05, "relative_l2": 0.0032539302364898996, "rmse": 0.006208717194061143, "seconds": 5.084337203763425}}
{"epoch": 243, "learning_rate": 0.0005234181069814562, "train": {"mse": 3.802920530983312e-05, "relative_l2": 0.0032319526075901355, "rmse": 0.0061667824114227604, "seconds": 5.10834377259016}}
{"epoch": 244, "learning_rate": 0.0005202885560609629, "train": {"mse": 3.4372423590716725e-05, "relative_l2": 0.0030726382780464287, "rmse": 0.005862799978740254, "seconds": 4.720808183774352}}
{"epoch": 245, "learning_rate": 0.0005171582634004476, "train": {"mse": 3.697878861587919e-05, "relative_l2": 0.0031870046661869322, "rmse": 0.006081018715304138, "seconds": 5.208278871141374}}
{"epoch": 246, "learning_rate": 0.0005140273525785044, "train": {"mse": 3.7431061841889534e-05, "relative_l2": 0.0032064349381080623, "rmse": 0.006118092990621304, "seconds": 5.257419720292091}}
{"epoch": 247, "learning_rate": 0.0005108959471981317, "train": {"mse": 3.501252642351234e-05, "relative_l2": 0.0031011165119559365, "rmse": 0.0059171383644049036, "seconds": 5.197914166375995}}
{"epoch": 248, "learning_rate": 0.000507764170881852, "train": {"mse": 3.523323859521253e-05, "relative_l2": 0.003110875581299743, "rmse": 0.005935759310754819, "seconds": 5.146626465022564}}
{"epoch": 249, "learning_rate": 0.0005046321472668318, "train": {"mse": 3.578469153947221e-05, "relative_l2": 0.0031351259938759003, "rmse": 0.005982030720371821, "seconds": 5.210146498866379}}
{"epoch": 250, "learning_rate": 0.0005015000000000006, "train": {"mse": 3.45846098087386e-05, "relative_l2": 0.003082107618606222, "rmse": 0.005880868116931258, "seconds": 5.2131577068939805}}
{"epoch": 251, "learning_rate": 0.0004983678527331696, "train": {"mse": 3.3011704733866654e-05, "relative_l2": 0.003011205079038155, "rmse": 0.005745581322535315, "seconds": 5.034567349590361}}
{"epoch": 252, "learning_rate": 0.0004952358291181494, "train": {"mse": 3.329081044285121e-05, "relative_l2": 0.0030239077842721387, "rmse": 0.0057698189263486604, "seconds": 5.234664987772703}}
{"epoch": 253, "learning_rate": 0.0004921040528018696, "train": {"mse": 3.345552657892604e-05, "relative_l2": 0.0030313793958968243, "rmse": 0.00578407525702476, "seconds": 5.271605731919408}}
{"epoch": 254, "learning_rate": 0.0004889726474214969, "train": {"mse": 3.3312413262987805e-05, "relative_l2": 0.0030248887521017714, "rmse": 0.005771690676308615, "seconds": 5.391857517883182}}
{"epoch": 255, "learning_rate": 0.0004858417365995537, "train": {"mse": 3.54548665116766e-05, "relative_l2": 0.0031206444239592138, "rmse": 0.0059543989211066975, "seconds": 5.160357013344765}}
{"epoch": 256, "learning_rate": 0.00048271144393903823, "train": {"mse": 3.370451369655584e-05, "relative_l2": 0.0030426387477789545, "rmse": 0.005805558861690737, "seconds": 5.132745135575533}}
{"epoch": 257, "learning_rate": 0.0004795818930185451, "train": {"mse": 3.2829512996290494e-05, "relative_l2": 0.0030028841617785345, "rmse": 0.005729704442315546, "seconds": 5.024741092696786}}
{"epoch": 258, "learning_rate": 0.0004764532073873856, "train": {"mse": 3.275566010655995e-05, "relative_l2": 0.0029995046343525068, "rmse": 0.005723256075570964, "seconds": 5.169424744322896}}
{"epoch": 259, "learning_rate": 0.00047332551056071146, "train": {"mse": 3.07347240398625e-05, "relative_l2": 0.002905500928146832, "rmse": 0.005543890695158275, "seconds": 5.250470455735922}}
{"epoch": 260, "learning_rate": 0.0004701989260146381, "train": {"mse": 2.9648642026319236e-05, "relative_l2": 0.0028537029409066716, "rmse": 0.005445056659605962, "seconds": 5.424565593712032}, "validation": {"mse": 2.1544111747584658e-05, "relative_l2": 0.0024551180951521536, "rmse": 0.004641563502483259, "seconds": 0.3524452708661556}}
{"epoch": 261, "learning_rate": 0.00046707357718136946, "train": {"mse": 3.0831673139048194e-05, "relative_l2": 0.002910079847382462, "rmse": 0.005552627588723036, "seconds": 5.282003154978156}}
{"epoch": 262, "learning_rate": 0.00046394958744432616, "train": {"mse": 3.2376542906025925e-05, "relative_l2": 0.002982095833092466, "rmse": 0.0056900389195528285, "seconds": 5.500002779997885}}
{"epoch": 263, "learning_rate": 0.0004608270801332741, "train": {"mse": 3.126452071759515e-05, "relative_l2": 0.0029304360368956183, "rmse": 0.005591468565376644, "seconds": 4.7377352071926}}
{"epoch": 264, "learning_rate": 0.0004577061785194552, "train": {"mse": 2.8975575186773214e-05, "relative_l2": 0.0028211254073379913, "rmse": 0.005382896542454927, "seconds": 5.223222599364817}}
{"epoch": 265, "learning_rate": 0.00045458700581072127, "train": {"mse": 2.9612390854639446e-05, "relative_l2": 0.002851957804218938, "rmse": 0.005441726826535805, "seconds": 5.119159998372197}}
{"epoch": 266, "learning_rate": 0.00045146968514667005, "train": {"mse": 2.932196581910946e-05, "relative_l2": 0.0028379379841971977, "rmse": 0.005414976068193604, "seconds": 5.432887619361281}}
{"epoch": 267, "learning_rate": 0.0004483543395937836, "train": {"mse": 2.922219336330296e-05, "relative_l2": 0.0028331056064178546, "rmse": 0.005405755577465833, "seconds": 5.204166223295033}}
{"epoch": 268, "learning_rate": 0.00044524109214057005, "train": {"mse": 2.999161887698307e-05, "relative_l2": 0.0028701613622256405, "rmse": 0.005476460433252766, "seconds": 5.365768103860319}}
{"epoch": 269, "learning_rate": 0.0004421300656927082, "train": {"mse": 2.5815099346899464e-05, "relative_l2": 0.002662828888176237, "rmse": 0.005080856162783932, "seconds": 5.335030230693519}}
{"epoch": 270, "learning_rate": 0.0004390213830681951, "train": {"mse": 3.110264801306877e-05, "relative_l2": 0.002922839996460802, "rmse": 0.005576974808358809, "seconds": 5.0301127238199115}}
{"epoch": 271, "learning_rate": 0.0004359151669924979, "train": {"mse": 2.991482825901456e-05, "relative_l2": 0.0028664846195208763, "rmse": 0.0054694449680945285, "seconds": 5.318476554006338}}
{"epoch": 272, "learning_rate": 0.00043281154009370865, "train": {"mse": 2.7959518974829102e-05, "relative_l2": 0.0027712212888078556, "rmse": 0.005287676141258001, "seconds": 5.2442741598933935}}
{"epoch": 273, "learning_rate": 0.00042971062489770295, "train": {"mse": 2.6597129580324996e-05, "relative_l2": 0.0027028611965225977, "rmse": 0.005157240500531752, "seconds": 5.08260110206902}}
{"epoch": 274, "learning_rate": 0.0004266125438233032, "train": {"mse": 2.5323553072537727e-05, "relative_l2": 0.0026373555337653545, "rmse": 0.00503225129266591, "seconds": 5.435961402952671}}
{"epoch": 275, "learning_rate": 0.00042351741917744557, "train": {"mse": 2.7058057283272524e-05, "relative_l2": 0.0027261808666527083, "rmse": 0.005201735987463467, "seconds": 5.189461218193173}}
{"epoch": 276, "learning_rate": 0.00042042537315035115, "train": {"mse": 2.9348310123303693e-05, "relative_l2": 0.0028392125687505543, "rmse": 0.005417408063207321, "seconds": 5.107845515944064}}
{"epoch": 277, "learning_rate": 0.0004173365278107028, "train": {"mse": 2.622715297365141e-05, "relative_l2": 0.0026839964307446623, "rmse": 0.0051212452561512235, "seconds": 5.306466495618224}}
{"epoch": 278, "learning_rate": 0.00041425100510082555, "train": {"mse": 2.8241830508033197e-05, "relative_l2": 0.0027851768724882135, "rmse": 0.005314304329640258, "seconds": 5.066110692918301}}
{"epoch": 279, "learning_rate": 0.00041116892683187265, "train": {"mse": 2.5398802015179407e-05, "relative_l2": 0.002641271075845514, "rmse": 0.005039722414496597, "seconds": 5.226747529581189}}
{"epoch": 280, "learning_rate": 0.0004080904146790168, "train": {"mse": 2.7239304429994608e-05, "relative_l2": 0.0027352962196469906, "rmse": 0.0052191287041032635, "seconds": 5.409749806858599}, "validation": {"mse": 2.6009919787357428e-05, "relative_l2": 0.002697600274466018, "rmse": 0.0050999921360093715, "seconds": 0.3676060251891613}}
{"epoch": 281, "learning_rate": 0.0004050155901766468, "train": {"mse": 2.819458513321753e-05, "relative_l2": 0.0027828462564188756, "rmse": 0.005309857355260829, "seconds": 5.291397434659302}}
{"epoch": 282, "learning_rate": 0.00040194457471356867, "train": {"mse": 2.3448484875782283e-05, "relative_l2": 0.002537837161903641, "rmse": 0.0048423635629496345, "seconds": 4.655935223214328}}
{"epoch": 283, "learning_rate": 0.0003988774895282146, "train": {"mse": 2.5623009606690225e-05, "relative_l2": 0.0026529033553213902, "rmse": 0.00506191758197328, "seconds": 5.080906213261187}}
{"epoch": 284, "learning_rate": 0.0003958144557038563, "train": {"mse": 2.576835424064876e-05, "relative_l2": 0.002660416916400346, "rmse": 0.005076253957462014, "seconds": 5.2197878286242485}}
{"epoch": 285, "learning_rate": 0.00039275559416382405, "train": {"mse": 2.3435331039324017e-05, "relative_l2": 0.002537125237463594, "rmse": 0.0048410051682810686, "seconds": 5.189827934838831}}
{"epoch": 286, "learning_rate": 0.00038970102566673393, "train": {"mse": 2.506050875860298e-05, "relative_l2": 0.002623622223647546, "rmse": 0.0050060472189745655, "seconds": 5.17615900747478}}
{"epoch": 287, "learning_rate": 0.0003866508708017201, "train": {"mse": 2.3786345362187384e-05, "relative_l2": 0.002556055148739777, "rmse": 0.004877124702341266, "seconds": 5.207064341753721}}
{"epoch": 288, "learning_rate": 0.0003836052499836737, "train": {"mse": 2.3450515622983198e-05, "relative_l2": 0.002537947053604298, "rmse": 0.004842573243946156, "seconds": 5.326323830522597}}
{"epoch": 289, "learning_rate": 0.00038056428344848984, "train": {"mse": 2.3653648154226368e-05, "relative_l2": 0.00254891542433908, "rmse": 0.004863501635059494, "seconds": 5.474719090387225}}
{"epoch": 290, "learning_rate": 0.00037752809124832044, "train": {"mse": 2.3287429153443335e-05, "relative_l2": 0.00252910658468926, "rmse": 0.004825705042109736, "seconds": 5.245516679249704}}
{"epoch": 291, "learning_rate": 0.0003744967932468345, "train": {"mse": 2.2322758816613884e-05, "relative_l2": 0.00247616906029818, "rmse": 0.004724696690435682, "seconds": 5.497791104950011}}
{"epoch": 292, "learning_rate": 0.00037147050911448683, "train": {"mse": 2.3624863390794056e-05, "relative_l2": 0.0025473640336709695, "rmse": 0.004860541470946838, "seconds": 5.3459230195730925}}
{"epoch": 293, "learning_rate": 0.0003684493583237933, "train": {"mse": 2.2829161581403007e-05, "relative_l2": 0.0025040981063119425, "rmse": 0.004777987189330148, "seconds": 5.350704147480428}}
{"epoch": 294, "learning_rate": 0.0003654334601446137, "train": {"mse": 2.213332368257993e-05, "relative_l2": 0.0024656400561146458, "rmse": 0.0047046066448301425, "seconds": 5.297300397418439}}
{"epoch": 295, "learning_rate": 0.0003624229336394445, "train": {"mse": 2.623044092974025e-05, "relative_l2": 0.0026841646611413246, "rmse": 0.0051215662574782975, "seconds": 5.13632258400321}}
{"epoch": 296, "learning_rate": 0.0003594178976587173, "train": {"mse": 2.2795518333029128e-05, "relative_l2": 0.0025022522849624043, "rmse": 0.004774465240529994, "seconds": 5.170884422026575}}
{"epoch": 297, "learning_rate": 0.00035641847083610687, "train": {"mse": 2.3587927796288642e-05, "relative_l2": 0.0025453719513808173, "rmse": 0.0048567404497552305, "seconds": 5.343284008093178}}
{"epoch": 298, "learning_rate": 0.00035342477158384843, "train": {"mse": 2.048766461615553e-05, "relative_l2": 0.0023722070228131007, "rmse": 0.004526330148824269, "seconds": 5.289319354109466}}
{"epoch": 299, "learning_rate": 0.00035043691808806264, "train": {"mse": 2.3700099874161438e-05, "relative_l2": 0.0025514170147243227, "rmse": 0.004868274835520427, "seconds": 5.286017331294715}}
{"epoch": 300, "learning_rate": 0.00034745502830408915, "train": {"mse": 2.015257997218958e-05, "relative_l2": 0.0023527278106632403, "rmse": 0.0044891625023148335, "seconds": 5.428102104924619}, "validation": {"mse": 1.9704770200147837e-05, "relative_l2": 0.002347976673017155, "rmse": 0.004439005541801884, "seconds": 0.3541057277470827}}
{"epoch": 301, "learning_rate": 0.00034447921995183097, "train": {"mse": 2.094253886215939e-05, "relative_l2": 0.002398396733701998, "rmse": 0.004576301876205217, "seconds": 4.892663572914898}}
{"epoch": 302, "learning_rate": 0.00034150961051110655, "train": {"mse": 2.2171332926569348e-05, "relative_l2": 0.0024677562482930127, "rmse": 0.004708644489295125, "seconds": 5.220362585037947}}
{"epoch": 303, "learning_rate": 0.00033854631721701167, "train": {"mse": 2.1781916058289554e-05, "relative_l2": 0.0024459884339368063, "rmse": 0.0046671100328029074, "seconds": 5.292466173879802}}
{"epoch": 304, "learning_rate": 0.00033558945705529163, "train": {"mse": 2.0984148302537478e-05, "relative_l2": 0.002400778164643698, "rmse": 0.004580845806457305, "seconds": 5.257747752591968}}
{"epoch": 305, "learning_rate": 0.0003326391467577227, "train": {"mse": 1.962346410650217e-05, "relative_l2": 0.0023216363635641217, "rmse": 0.004429837932306573, "seconds": 5.1404684744775295}}
{"epoch": 306, "learning_rate": 0.0003296955027975037, "train": {"mse": 1.9473776216813903e-05, "relative_l2": 0.002312764683254108, "rmse": 0.004412910175475352, "seconds": 5.253252157941461}}
{"epoch": 307, "learning_rate": 0.0003267586413846578, "train": {"mse": 1.957530670849506e-05, "relative_l2": 0.0023187858737046723, "rmse": 0.004424399022296142, "seconds": 5.386484982445836}}
{"epoch": 308, "learning_rate": 0.00032382867846144503, "train": {"mse": 2.0757783928555166e-05, "relative_l2": 0.0023877939780617783, "rmse": 0.004556071106617539, "seconds": 5.3148152912035584}}
{"epoch": 309, "learning_rate": 0.0003209057296977845, "train": {"mse": 1.999501287044879e-05, "relative_l2": 0.0023435121158614297, "rmse": 0.004471578342201866, "seconds": 5.141832161694765}}
{"epoch": 310, "learning_rate": 0.0003179899104866885, "train": {"mse": 1.8727702088282255e-05, "relative_l2": 0.002268029010879055, "rmse": 0.004327551511915514, "seconds": 5.210575519129634}}
{"epoch": 311, "learning_rate": 0.000315081335939707, "train": {"mse": 1.875848034898678e-05, "relative_l2": 0.0022698919512672833, "rmse": 0.004331106134578877, "seconds": 5.34638689737767}}
{"epoch": 312, "learning_rate": 0.0003121801208823826, "train": {"mse": 1.9449006337784006e-05, "relative_l2": 0.002311293337949948, "rmse": 0.004410102758188749, "seconds": 5.350743566639721}}
{"epoch": 313, "learning_rate": 0.0003092863798497183, "train": {"mse": 1.8196226698076892e-05, "relative_l2": 0.0022356150730315468, "rmse": 0.004265703540809756, "seconds": 5.306580099277198}}
{"epoch": 314, "learning_rate": 0.0003064002270816551, "train": {"mse": 1.6826599933013706e-05, "relative_l2": 0.0021498321031716296, "rmse": 0.0041020238825503815, "seconds": 5.1603551441803575}}
{"epoch": 315, "learning_rate": 0.0003035217765185622, "train": {"mse": 1.9356466963619528e-05, "relative_l2": 0.0023057881576120215, "rmse": 0.004399598500274716, "seconds": 5.27119315136224}}
{"epoch": 316, "learning_rate": 0.00030065114179673953, "train": {"mse": 1.8055366995389352e-05, "relative_l2": 0.0022269451441048844, "rmse": 0.0042491607401214364, "seconds": 5.3725764863193035}}
{"epoch": 317, "learning_rate": 0.0002977884362439304, "train": {"mse": 1.7049691118225605e-05, "relative_l2": 0.002164036677268116, "rmse": 0.004129127161789233, "seconds": 5.157361886464059}}
{"epoch": 318, "learning_rate": 0.0002949337728748482, "train": {"mse": 1.823365575896052e-05, "relative_l2": 0.0022379131848049997, "rmse": 0.00427008849544837, "seconds": 5.254136706702411}}
{"epoch": 319, "learning_rate": 0.0002920872643867149, "train": {"mse": 1.7596857239326794e-05, "relative_l2": 0.0021984870646820074, "rmse": 0.004194860812866953, "seconds": 5.27850846759975}}
{"epoch": 320, "learning_rate": 0.0002892490231548116, "train": {"mse": 1.7399568366492817e-05, "relative_l2": 0.0021861280502974505, "rmse": 0.004171278984495381, "seconds": 4.840188491158187}, "validation": {"mse": 1.3336485032430903e-05, "relative_l2": 0.001931651526610224, "rmse": 0.0036519152553736653, "seconds": 0.381416492164135}}
{"epoch": 321, "learning_rate": 0.00028641916122804247, "train": {"mse": 1.8300931655361268e-05, "relative_l2": 0.002242037947368636, "rmse": 0.00427795881880147, "seconds": 5.232115641236305}}
{"epoch": 322, "learning_rate": 0.0002835977903245104, "train": {"mse": 1.7097300811561044e-05, "relative_l2": 0.002167056003680887, "rmse": 0.004134888246562541, "seconds": 5.220689325593412}}
{"epoch": 323, "learning_rate": 0.000280785021827108, "train": {"mse": 1.664160340429542e-05, "relative_l2": 0.0021379814988259868, "rmse": 0.004079412139548469, "seconds": 5.440942148678005}}
{"epoch": 324, "learning_rate": 0.00027798096677911937, "train": {"mse": 1.7368960666085432e-05, "relative_l2": 0.0021842043865029927, "rmse": 0.004167608506816041, "seconds": 5.335433393716812}}
{"epoch": 325, "learning_rate": 0.0002751857358798363, "train": {"mse": 1.6819700240315554e-05, "relative_l2": 0.002149391293520925, "rmse": 0.00410118278552853, "seconds": 5.227482178248465}}
{"epoch": 326, "learning_rate": 0.00027239943948018867, "train": {"mse": 1.656607158348232e-05, "relative_l2": 0.0021331241140301596, "rmse": 0.004070143926629907, "seconds": 5.220545521937311}}
{"epoch": 327, "learning_rate": 0.00026962218757838735, "train": {"mse": 1.6333179599689153e-05, "relative_l2": 0.0021180769211235307, "rmse": 0.004041432864676729, "seconds": 5.237767807208002}}
{"epoch": 328, "learning_rate": 0.00026685408981558223, "train": {"mse": 1.628886924205188e-05, "relative_l2": 0.002115201898412131, "rmse": 0.004035947130730516, "seconds": 5.2362190047279}}
{"epoch": 329, "learning_rate": 0.00026409525547153265, "train": {"mse": 1.5344965802189594e-05, "relative_l2": 0.0020530017607023926, "rmse": 0.003917265092151614, "seconds": 5.188451804220676}}
{"epoch": 330, "learning_rate": 0.0002613457934602954, "train": {"mse": 1.4817028262182148e-05, "relative_l2": 0.002017376297218217, "rmse": 0.00384928931910582, "seconds": 5.242177496664226}}
{"epoch": 331, "learning_rate": 0.0002586058123259223, "train": {"mse": 1.6743803968627056e-05, "relative_l2": 0.0021445364108802056, "rmse": 0.004091919350210492, "seconds": 5.217031022533774}}
{"epoch": 332, "learning_rate": 0.0002558754202381769, "train": {"mse": 1.5592624142974197e-05, "relative_l2": 0.002069502541973268, "rmse": 0.003948749693633948, "seconds": 5.30235935933888}}
{"epoch": 333, "learning_rate": 0.0002531547249882642, "train": {"mse": 1.5212025830221033e-05, "relative_l2": 0.0020440894004526986, "rmse": 0.0039002597131756536, "seconds": 5.140793942846358}}
{"epoch": 334, "learning_rate": 0.0002504438339845736, "train": {"mse": 1.4906707235022695e-05, "relative_l2": 0.0020234720957572473, "rmse": 0.0038609205165378237, "seconds": 5.229731095023453}}
{"epoch": 335, "learning_rate": 0.00024774285424844023, "train": {"mse": 1.4694224452663087e-05, "relative_l2": 0.002008998876713174, "rmse": 0.0038333046386457583, "seconds": 5.279960498213768}}
{"epoch": 336, "learning_rate": 0.00024505189240991933, "train": {"mse": 1.4805499716343995e-05, "relative_l2": 0.0020165913222699255, "rmse": 0.0038477915375373438, "seconds": 5.287172707729042}}
{"epoch": 337, "learning_rate": 0.00024237105470357678, "train": {"mse": 1.454799457893757e-05, "relative_l2": 0.0019989775853037775, "rmse": 0.003814183343644819, "seconds": 5.1886752881109715}}
{"epoch": 338, "learning_rate": 0.00023970044696429435, "train": {"mse": 1.5549259797155024e-05, "relative_l2": 0.002066622814935395, "rmse": 0.0039432549749103245, "seconds": 5.383013168349862}}
{"epoch": 339, "learning_rate": 0.0002370401746230935, "train": {"mse": 1.453106441496018e-05, "relative_l2": 0.001997814094623471, "rmse": 0.003811963328123735, "seconds": 4.72234215028584}}
{"epoch": 340, "learning_rate": 0.0002343903427029706, "train": {"mse": 1.4445823036922428e-05, "relative_l2": 0.0019919457427126828, "rmse": 0.0038007661118414572, "seconds": 5.3103689821437}, "validation": {"mse": 1.346509155637014e-05, "relative_l2": 0.00194094284134983, "rmse": 0.0036694811017867553, "seconds": 0.3646284397691488}}
{"epoch": 341, "learning_rate": 0.00023175105581475276, "train": {"mse": 1.441803717253332e-05, "relative_l2": 0.0019900291132236734, "rmse": 0.0037971090546010553, "seconds": 5.084507551044226}}
{"epoch": 342, "learning_rate": 0.00022912241815296723, "train": {"mse": 1.4210185441309345e-05, "relative_l2": 0.001975632817748099, "rmse": 0.0037696399617615133, "seconds": 5.273990560323}}
{"epoch": 343, "learning_rate": 0.00022650453349172788, "train": {"mse": 1.3504493485638006e-05, "relative_l2": 0.0019259522249913902, "rmse": 0.0036748460492431524, "seconds": 5.41017491556704}}
{"epoch": 344, "learning_rate": 0.0002238975051806386, "train": {"mse": 1.4597769329945247e-05, "relative_l2": 0.00200239433603834, "rmse": 0.0038207027272407945, "seconds": 5.3960627457126975}}
{"epoch": 345, "learning_rate": 0.00022130143614071317, "train": {"mse": 1.3922798586730472e-05, "relative_l2": 0.001955553174277331, "rmse": 0.003731326652375864, "seconds": 5.164744089357555}}
{"epoch": 346, "learning_rate": 0.00021871642886031232, "train": {"mse": 1.4051461401962473e-05, "relative_l2": 0.001964568183759354, "rmse": 0.00374852789798375, "seconds": 5.3695840165019035}}
{"epoch": 347, "learning_rate": 0.0002161425853910967, "train": {"mse": 1.3267803995195263e-05, "relative_l2": 0.0019089997987382914, "rmse": 0.003642499690486639, "seconds": 5.16793420445174}}
{"epoch": 348, "learning_rate": 0.00021358000734400003, "train": {"mse": 1.355531650136212e-05, "relative_l2": 0.0019295728976353708, "rmse": 0.003681754541161336, "seconds": 5.262373493053019}}
{"epoch": 349, "learning_rate": 0.00021102879588521522, "train": {"mse": 1.3661902574840896e-05, "relative_l2": 0.001937144203774908, "rmse": 0.0036962011004328344, "seconds": 5.135988036170602}}
{"epoch": 350, "learning_rate": 0.00020848905173220252, "train": {"mse": 1.3133222292253596e-05, "relative_l2": 0.0018992931696563142, "rmse": 0.0036239787930192964, "seconds": 5.0698916940018535}}
{"epoch": 351, "learning_rate": 0.0002059608751497123, "train": {"mse": 1.2813738561765162e-05, "relative_l2": 0.0018760494806713832, "rmse": 0.0035796282714501463, "seconds": 5.349064317531884}}
{"epoch": 352, "learning_rate": 0.00020344436594582735, "train": {"mse": 1.3598868488045985e-05, "relative_l2": 0.0019326701817808638, "rmse": 0.0036876643675971903, "seconds": 5.180320919491351}}
{"epoch": 353, "learning_rate": 0.00020093962346802145, "train": {"mse": 1.2766173693858935e-05, "relative_l2": 0.0018725642743942618, "rmse": 0.0035729782666368034, "seconds": 5.364028203301132}}
{"epoch": 354, "learning_rate": 0.00019844674659923948, "train": {"mse": 1.2954980415290226e-05, "relative_l2": 0.001886360698976488, "rmse": 0.0035993027679385664, "seconds": 5.445766799151897}}
{"epoch": 355, "learning_rate": 0.00019596583375399167, "train": {"mse": 1.2769501427274027e-05, "relative_l2": 0.0018728083176177497, "rmse": 0.003573443916906214, "seconds": 5.160522844642401}}
{"epoch": 356, "learning_rate": 0.00019349698287446856, "train": {"mse": 1.2158209270613636e-05, "relative_l2": 0.0018274317497049266, "rmse": 0.0034868623819436346, "seconds": 5.353489783592522}}
{"epoch": 357, "learning_rate": 0.00019104029142667632, "train": {"mse": 1.2305608925645699e-05, "relative_l2": 0.001838475784389669, "rmse": 0.003507935137035133, "seconds": 5.21025728341192}}
{"epoch": 358, "learning_rate": 0.0001885958563965862, "train": {"mse": 1.28333665348753e-05, "relative_l2": 0.0018774857879214968, "rmse": 0.0035823688440577, "seconds": 4.582823291420937}}
{"epoch": 359, "learning_rate": 0.0001861637742863078, "train": {"mse": 1.2010374429548334e-05, "relative_l2": 0.0018162876612001606, "rmse": 0.003465598711557403, "seconds": 5.346369246952236}}
{"epoch": 360, "learning_rate": 0.0001837441411102785, "train": {"mse": 1.230249760854625e-05, "relative_l2": 0.0018382433521563087, "rmse": 0.003507491640552583, "seconds": 5.066307661123574}, "validation": {"mse": 1.0862337741368783e-05, "relative_l2": 0.001743290412784596, "rmse": 0.003295806083702253, "seconds": 0.3034258773550391}}
{"epoch": 361, "learning_rate": 0.00018133705239147316, "train": {"mse": 1.167005225569902e-05, "relative_l2": 0.0017903698644165546, "rmse": 0.003416145818857711, "seconds": 5.273887954652309}}
{"epoch": 362, "learning_rate": 0.00017894260315763226, "train": {"mse": 1.2033816125846194e-05, "relative_l2": 0.0018180593001681403, "rmse": 0.0034689791186812, "seconds": 5.285180210135877}}
{"epoch": 363, "learning_rate": 0.00017656088793751218, "train": {"mse": 1.140463560998083e-05, "relative_l2": 0.0017698932189530426, "rmse": 0.0033770750080477675, "seconds": 5.26467817928642}}
{"epoch": 364, "learning_rate": 0.00017419200075715157, "train": {"mse": 1.0839400945339137e-05, "relative_l2": 0.0017254763062747324, "rmse": 0.0032923245504262086, "seconds": 5.285501760430634}}
{"epoch": 365, "learning_rate": 0.00017183603513615974, "train": {"mse": 1.2031318818380733e-05, "relative_l2": 0.0018178706440443728, "rmse": 0.0034686191515328883, "seconds": 5.1510062627494335}}
{"epoch": 366, "learning_rate": 0.00016949308408402587, "train": {"mse": 1.1461974314586844e-05, "relative_l2": 0.001774336859486581, "rmse": 0.0033855537677884907, "seconds": 5.198903284035623}}
{"epoch": 367, "learning_rate": 0.00016716324009644534, "train": {"mse": 1.1439709485082807e-05, "relative_l2": 0.0017726127011315682, "rmse": 0.003382263958516959, "seconds": 5.329317810945213}}
{"epoch": 368, "learning_rate": 0.00016484659515166958, "train": {"mse": 1.0849046606771247e-05, "relative_l2": 0.0017262438589889819, "rmse": 0.0032937890956725277, "seconds": 5.241851042024791}}
{"epoch": 369, "learning_rate": 0.0001625432407068743, "train": {"mse": 1.101724309790991e-05, "relative_l2": 0.0017395736671698132, "rmse": 0.0033192232672584576, "seconds": 5.299126289784908}}
{"epoch": 370, "learning_rate": 0.0001602532676945491, "train": {"mse": 1.0498160126799356e-05, "relative_l2": 0.001698098802402124, "rmse": 0.00324008643816787, "seconds": 5.264554719440639}}
{"epoch": 371, "learning_rate": 0.000157976766518907, "train": {"mse": 1.160212219683472e-05, "relative_l2": 0.0017851514898955235, "rmse": 0.0034061888081600407, "seconds": 5.252854768186808}}
{"epoch": 372, "learning_rate": 0.00015571382705231707, "train": {"mse": 1.170658489202192e-05, "relative_l2": 0.0017931700154193001, "rmse": 0.003421488695293603, "seconds": 5.362509197555482}}
{"epoch": 373, "learning_rate": 0.00015346453863175424, "train": {"mse": 1.0829406398945227e-05, "relative_l2": 0.0017246806262704473, "rmse": 0.003290806344795334, "seconds": 5.374032615683973}}
{"epoch": 374, "learning_rate": 0.00015122899005527384, "train": {"mse": 1.0429162098589296e-05, "relative_l2": 0.001692509316104015, "rmse": 0.0032294213256540707, "seconds": 5.293939537368715}}
{"epoch": 375, "learning_rate": 0.00014900726957850635, "train": {"mse": 1.077457614049702e-05, "relative_l2": 0.0017203089808431695, "rmse": 0.0032824649488603867, "seconds": 5.390918881632388}}
{"epoch": 376, "learning_rate": 0.0001467994649111715, "train": {"mse": 1.0436235905110003e-05, "relative_l2": 0.0016930832088399312, "rmse": 0.0032305163527074124, "seconds": 5.265509680844843}}
{"epoch": 377, "learning_rate": 0.00014460566321361737, "train": {"mse": 1.0447839204363243e-05, "relative_l2": 0.0016940241570684125, "rmse": 0.0032323117430661363, "seconds": 4.547317910939455}}
{"epoch": 378, "learning_rate": 0.00014242595109337862, "train": {"mse": 1.0866033964736496e-05, "relative_l2": 0.0017275948020525182, "rmse": 0.0032963667824950087, "seconds": 5.225336991250515}}
{"epoch": 379, "learning_rate": 0.00014026041460175756, "train": {"mse": 1.0533631306714164e-05, "relative_l2": 0.0017009651528016607, "rmse": 0.0032455556237282646, "seconds": 5.248736650682986}}
{"epoch": 380, "learning_rate": 0.0001381091392304265, "train": {"mse": 1.005912172773522e-05, "relative_l2": 0.001662211915770058, "rmse": 0.0031716118501063807, "seconds": 5.270516527816653}, "validation": {"mse": 1.0513578554589354e-05, "relative_l2": 0.0017150760119808317, "rmse": 0.0032424648887211336, "seconds": 0.31119626946747303}}
{"epoch": 381, "learning_rate": 0.00013597220990805415, "train": {"mse": 1.003281990597824e-05, "relative_l2": 0.001660037381570957, "rmse": 0.0031674626921209727, "seconds": 5.272128871642053}}
{"epoch": 382, "learning_rate": 0.00013384971099695056, "train": {"mse": 1.0248237315141512e-05, "relative_l2": 0.0016777642885819157, "rmse": 0.003201286821754888, "seconds": 5.355110581032932}}
{"epoch": 383, "learning_rate": 0.00013174172628973877, "train": {"mse": 1.0122581704439755e-05, "relative_l2": 0.0016674468670586343, "rmse": 0.003181600494160094, "seconds": 5.1833216501399875}}
{"epoch": 384, "learning_rate": 0.00012964833900604543, "train": {"mse": 9.906824240962902e-06, "relative_l2": 0.0016495807814432234, "rmse": 0.0031475108007698563, "seconds": 5.243524845689535}}
{"epoch": 385, "learning_rate": 0.0001275696317892161, "train": {"mse": 9.666398252377254e-06, "relative_l2": 0.0016294412305077294, "rmse": 0.003109083185181325, "seconds": 5.24278303142637}}
{"epoch": 386, "learning_rate": 0.0001255056867030524, "train": {"mse": 1.0096312065919241e-05, "relative_l2": 0.0016652818243865772, "rmse": 0.00317746944374281, "seconds": 5.203439984470606}}
{"epoch": 387, "learning_rate": 0.00012345658522857231, "train": {"mse": 9.433619463872053e-06, "relative_l2": 0.0016097021954598447, "rmse": 0.0030714197798204098, "seconds": 5.389605295844376}}
{"epoch": 388, "learning_rate": 0.0001214224082607935, "train": {"mse": 9.419836904742047e-06, "relative_l2": 0.0016085258708582724, "rmse": 0.0030691752808762887, "seconds": 5.274060950614512}}
{"epoch": 389, "learning_rate": 0.00011940323610553921, "train": {"mse": 9.774977542058437e-06, "relative_l2": 0.0016385671467893956, "rmse": 0.0031264960486235126, "seconds": 5.3322311071679}}
{"epoch": 390, "learning_rate": 0.00011739914847626928, "train": {"mse": 9.39033127756057e-06, "relative_l2": 0.001606004717709235, "rmse": 0.003064364742905219, "seconds": 5.190804951824248}}
{"epoch": 391, "learning_rate": 0.0001154102244909314, "train": {"mse": 9.243360688973092e-06, "relative_l2": 0.001593387148439942, "rmse": 0.0030402895732106, "seconds": 5.272592172026634}}
{"epoch": 392, "learning_rate": 0.00011343654266883901, "train": {"mse": 9.25062087972364e-06, "relative_l2": 0.0015940127860220726, "rmse": 0.00304148333543415, "seconds": 5.334971636533737}}
{"epoch": 393, "learning_rate": 0.00011147818092757097, "train": {"mse": 9.075031384171365e-06, "relative_l2": 0.0015788120311318323, "rmse": 0.003012479275309851, "seconds": 5.341647895053029}}
{"epoch": 394, "learning_rate": 0.00010953521657989577, "train": {"mse": 9.180238141776796e-06, "relative_l2": 0.0015879372367230463, "rmse": 0.0030298907805029534, "seconds": 5.171354421414435}}
{"epoch": 395, "learning_rate": 0.00010760772633071847, "train": {"mse": 9.072243732338894e-06, "relative_l2": 0.0015785695227491445, "rmse": 0.0030120165557876496, "seconds": 5.261962723918259}}
{"epoch": 396, "learning_rate": 0.0001056957862740542, "train": {"mse": 8.923602629891651e-06, "relative_l2": 0.0015655843468008097, "rmse": 0.0029872399685816424, "seconds": 4.715276381000876}}
{"epoch": 397, "learning_rate": 0.00010379947189002255, "train": {"mse": 8.881952301292363e-06, "relative_l2": 0.0015619264437591093, "rmse": 0.002980260441856108, "seconds": 5.472277297638357}}
{"epoch": 398, "learning_rate": 0.00010191885804186808, "train": {"mse": 9.080606233514473e-06, "relative_l2": 0.001579296893252746, "rmse": 0.003013404425813846, "seconds": 5.403921966440976}}
{"epoch": 399, "learning_rate": 0.00010005401897300587, "train": {"mse": 8.872093369593164e-06, "relative_l2": 0.001561059334913969, "rmse": 0.002978605943993459, "seconds": 5.315092550590634}}
{"epoch": 400, "learning_rate": 9.820502830408888e-05, "train": {"mse": 8.744022468785326e-06, "relative_l2": 0.0015497512365077366, "rmse": 0.002957029331742471, "seconds": 5.0288076270371675}, "validation": {"mse": 7.98971942828563e-06, "relative_l2": 0.0014951124399768664, "rmse": 0.0028266091750161764, "seconds": 0.32309782691299915}}
{"epoch": 401, "learning_rate": 9.63719590301028e-05, "train": {"mse": 8.627938326009495e-06, "relative_l2": 0.0015394297462339441, "rmse": 0.0029373352423599005, "seconds": 5.304421765729785}}
{"epoch": 402, "learning_rate": 9.455488351748394e-05, "train": {"mse": 8.665674854211228e-06, "relative_l2": 0.0015427926259267424, "rmse": 0.002943751832986474, "seconds": 5.311545331962407}}
{"epoch": 403, "learning_rate": 9.275387350126223e-05, "train": {"mse": 8.899222586504713e-06, "relative_l2": 0.0015634442310899536, "rmse": 0.0029831564803919877, "seconds": 5.313052327372134}}
{"epoch": 404, "learning_rate": 9.096900008222904e-05, "train": {"mse": 8.55350309904821e-06, "relative_l2": 0.0015327748560294565, "rmse": 0.0029246372593961477, "seconds": 5.257826508022845}}
{"epoch": 405, "learning_rate": 8.92003337241311e-05, "train": {"mse": 8.683471273846494e-06, "relative_l2": 0.0015443760069061762, "rmse": 0.002946773027202213, "seconds": 5.186265971511602}}
{"epoch": 406, "learning_rate": 8.744794425088755e-05, "train": {"mse": 8.408382067274667e-06, "relative_l2": 0.0015197164955832079, "rmse": 0.0028997210326641193, "seconds": 5.216633207164705}}
{"epoch": 407, "learning_rate": 8.571190084383419e-05, "train": {"mse": 8.332348473652633e-06, "relative_l2": 0.0015128298021703688, "rmse": 0.0028865807582073005, "seconds": 5.48892880231142}}
{"epoch": 408, "learning_rate": 8.399227203899249e-05, "train": {"mse": 8.503467717510973e-06, "relative_l2": 0.0015282851460412564, "rmse": 0.002916070595426485, "seconds": 5.453323350287974}}
{"epoch": 409, "learning_rate": 8.228912572436283e-05, "train": {"mse": 8.222858989220893e-06, "relative_l2": 0.001502857422419341, "rmse": 0.0028675527875212502, "seconds": 5.245095144957304}}
{"epoch": 410, "learning_rate": 8.060252913724557e-05, "train": {"mse": 8.301935011814692e-06, "relative_l2": 0.0015100663268012586, "rmse": 0.00288130786480978, "seconds": 5.351167302578688}}
{"epoch": 411, "learning_rate": 7.893254886158609e-05, "train": {"mse": 8.14910970643133e-06, "relative_l2": 0.001496102818966612, "rmse": 0.0028546645523478465, "seconds": 5.319016140885651}}
{"epoch": 412, "learning_rate": 7.727925082534625e-05, "train": {"mse": 8.310898835073687e-06, "relative_l2": 0.0015108813363423823, "rmse": 0.00288286295808068, "seconds": 5.182307314127684}}
{"epoch": 413, "learning_rate": 7.564270029790139e-05, "train": {"mse": 8.004018940224856e-06, "relative_l2": 0.0014827243288616893, "rmse": 0.0028291374905127635, "seconds": 5.3787363441661}}
{"epoch": 414, "learning_rate": 7.402296188746451e-05, "train": {"mse": 8.023576423555552e-06, "relative_l2": 0.0014845347069432715, "rmse": 0.00283259182085163, "seconds": 5.221300080418587}}
{"epoch": 415, "learning_rate": 7.242009953853422e-05, "train": {"mse": 7.925379871132369e-06, "relative_l2": 0.0014754225003974, "rmse": 0.002815205120614192, "seconds": 4.632667211815715}}
{"epoch": 416, "learning_rate": 7.083417652937157e-05, "train": {"mse": 7.852278347173613e-06, "relative_l2": 0.0014686022924370878, "rmse": 0.002802191704215401, "seconds": 5.339102930389345}}
{"epoch": 417, "learning_rate": 6.926525546950179e-05, "train": {"mse": 7.817643643644994e-06, "relative_l2": 0.0014653598713875, "rmse": 0.0027960049434228463, "seconds": 5.367902290076017}}
{"epoch": 418, "learning_rate": 6.771339829724151e-05, "train": {"mse": 7.76391304702221e-06, "relative_l2": 0.001460315487769224, "rmse": 0.002786379917926163, "seconds": 5.445331450551748}}
{"epoch": 419, "learning_rate": 6.617866627725487e-05, "train": {"mse": 7.842890336782394e-06, "relative_l2": 0.0014677241166031216, "rmse": 0.0028005160840070876, "seconds": 5.305528153665364}}
{"epoch": 420, "learning_rate": 6.466111999813408e-05, "train": {"mse": 7.64652602523268e-06, "relative_l2": 0.0014492337681726913, "rmse": 0.002765235256760748, "seconds": 5.414690279401839}, "validation": {"mse": 7.496127646840261e-06, "relative_l2": 0.001448193444814408, "rmse": 0.002737905704519471, "seconds": 0.3489804258570075}}
{"epoch": 421, "learning_rate": 6.316081937000785e-05, "train": {"mse": 7.648780503256354e-06, "relative_l2": 0.0014494473971928116, "rmse": 0.00276564287341232, "seconds": 5.246241919696331}}
{"epoch": 422, "learning_rate": 6.16778236221758e-05, "train": {"mse": 7.4982668304752685e-06, "relative_l2": 0.0014351153335292717, "rmse": 0.002738296337227815, "seconds": 5.322598435916007}}
{"epoch": 423, "learning_rate": 6.021219130077118e-05, "train": {"mse": 7.538703500391719e-06, "relative_l2": 0.0014389797771746427, "rmse": 0.0027456699547454204, "seconds": 5.455128544010222}}
{"epoch": 424, "learning_rate": 5.8763980266448146e-05, "train": {"mse": 7.81524202632095e-06, "relative_l2": 0.00146513477192417, "rmse": 0.0027955754374226695, "seconds": 5.127196106128395}}
{"epoch": 425, "learning_rate": 5.7333247692098726e-05, "train": {"mse": 7.5892552748292746e-06, "relative_l2": 0.0014437963512552961, "rmse": 0.002754860300419837, "seconds": 5.245621808804572}}
{"epoch": 426, "learning_rate": 5.5920050060595074e-05, "train": {"mse": 7.521703546335121e-06, "relative_l2": 0.0014373563963894834, "rmse": 0.0027425724322859956, "seconds": 5.159987420774996}}
{"epoch": 427, "learning_rate": 5.452444316255998e-05, "train": {"mse": 7.469272847006659e-06, "relative_l2": 0.0014323380241490543, "rmse": 0.00273299704482216, "seconds": 5.31973175983876}}
{"epoch": 428, "learning_rate": 5.3146482094164084e-05, "train": {"mse": 7.439667997721902e-06, "relative_l2": 0.0014294966330060136, "rmse": 0.0027275754797478845, "seconds": 5.243940474465489}}
{"epoch": 429, "learning_rate": 5.178622125495095e-05, "train": {"mse": 7.317147834483021e-06, "relative_l2": 0.0014176769359385054, "rmse": 0.002705022704984751, "seconds": 5.457813302986324}}
{"epoch": 430, "learning_rate": 5.044371434568941e-05, "train": {"mse": 7.382100030869067e-06, "relative_l2": 0.0014239551896456303, "rmse": 0.002717002029971466, "seconds": 5.193808128125966}}
{"epoch": 431, "learning_rate": 4.911901436625324e-05, "train": {"mse": 7.329608419698155e-06, "relative_l2": 0.0014188835231461713, "rmse": 0.0027073249564280523, "seconds": 5.229414121247828}}
{"epoch": 432, "learning_rate": 4.7812173613529724e-05, "train": {"mse": 7.1254644111661374e-06, "relative_l2": 0.001398984642954961, "rmse": 0.002669356553772114, "seconds": 5.212884336709976}}
{"epoch": 433, "learning_rate": 4.652324367935393e-05, "train": {"mse": 7.237449214011133e-06, "relative_l2": 0.001409935104283931, "rmse": 0.002690250771584525, "seconds": 5.247065314091742}}
{"epoch": 434, "learning_rate": 4.5252275448472665e-05, "train": {"mse": 7.186260169554137e-06, "relative_l2": 0.0014049401612812081, "rmse": 0.0026807200841479396, "seconds": 4.781412821263075}}
{"epoch": 435, "learning_rate": 4.399931909653545e-05, "train": {"mse": 7.047120434140968e-06, "relative_l2": 0.0013912725164683716, "rmse": 0.002654641300466217, "seconds": 5.264045644551516}}
{"epoch": 436, "learning_rate": 4.2764424088113774e-05, "train": {"mse": 7.04672812835542e-06, "relative_l2": 0.0013912337894729798, "rmse": 0.0026545674088927222, "seconds": 5.244677418842912}}
{"epoch": 437, "learning_rate": 4.154763917474778e-05, "train": {"mse": 7.008005869007872e-06, "relative_l2": 0.0013874060613033093, "rmse": 0.0026472638457486386, "seconds": 5.2834328431636095}}
{"epoch": 438, "learning_rate": 4.034901239302266e-05, "train": {"mse": 7.082973146985867e-06, "relative_l2": 0.001394807123421515, "rmse": 0.002661385569019616, "seconds": 5.2910600788891315}}
{"epoch": 439, "learning_rate": 3.9168591062671404e-05, "train": {"mse": 6.976535488775152e-06, "relative_l2": 0.001384287393325656, "rmse": 0.0026413132129255615, "seconds": 5.327343502081931}}
{"epoch": 440, "learning_rate": 3.800642178470669e-05, "train": {"mse": 7.062376486862491e-06, "relative_l2": 0.0013927776604845683, "rmse": 0.0026575132148048655, "seconds": 5.164288294501603}, "validation": {"mse": 7.560768794870662e-06, "relative_l2": 0.0014544241244650166, "rmse": 0.0027496852174150157, "seconds": 0.3536156266927719}}
{"epoch": 441, "learning_rate": 3.686255043958188e-05, "train": {"mse": 7.020779763777813e-06, "relative_l2": 0.0013886699393594216, "rmse": 0.002649675407248558, "seconds": 5.1601219698786736}}
{"epoch": 442, "learning_rate": 3.573702218537895e-05, "train": {"mse": 6.837940247294431e-06, "relative_l2": 0.0013704683492897461, "rmse": 0.002614945553409178, "seconds": 5.6249711168929935}}
{"epoch": 443, "learning_rate": 3.462988145602618e-05, "train": {"mse": 6.943489266131928e-06, "relative_l2": 0.0013810049769936333, "rmse": 0.002635050144898941, "seconds": 5.311657777056098}}
{"epoch": 444, "learning_rate": 3.354117195954381e-05, "train": {"mse": 6.792100115926442e-06, "relative_l2": 0.0013658669566589089, "rmse": 0.002606165788265674, "seconds": 5.29078455734998}}
{"epoch": 445, "learning_rate": 3.24709366763187e-05, "train": {"mse": 6.791412919581293e-06, "relative_l2": 0.001365797858661446, "rmse": 0.0026060339444414944, "seconds": 5.424085869453847}}
{"epoch": 446, "learning_rate": 3.141921785740707e-05, "train": {"mse": 6.7467870194457485e-06, "relative_l2": 0.0013613031825190887, "rmse": 0.0025974577993580087, "seconds": 5.325871123000979}}
{"epoch": 447, "learning_rate": 3.038605702286739e-05, "train": {"mse": 6.720872237505075e-06, "relative_l2": 0.0013586862441780834, "rmse": 0.0025924645103655853, "seconds": 5.292626635171473}}
{"epoch": 448, "learning_rate": 2.937149496012003e-05, "train": {"mse": 6.81601190445071e-06, "relative_l2": 0.0013682691332495762, "rmse": 0.0026107492994254943, "seconds": 5.34288689121604}}
{"epoch": 449, "learning_rate": 2.8375571722338117e-05, "train": {"mse": 6.695956606678144e-06, "relative_l2": 0.0013561654448005517, "rmse": 0.0025876546536735046, "seconds": 5.301727280020714}}
{"epoch": 450, "learning_rate": 2.7398326626865993e-05, "train": {"mse": 6.667297482936682e-06, "relative_l2": 0.001353260094682623, "rmse": 0.002582111051627463, "seconds": 5.424599898047745}}
{"epoch": 451, "learning_rate": 2.6439798253666484e-05, "train": {"mse": 6.63427283500364e-06, "relative_l2": 0.0013499044304031429, "rmse": 0.002575708220083098, "seconds": 5.259220328181982}}
{"epoch": 452, "learning_rate": 2.5500024443798517e-05, "train": {"mse": 6.614052486455369e-06, "relative_l2": 0.0013478457019368943, "rmse": 0.002571780022952074, "seconds": 4.670107439160347}}
{"epoch": 453, "learning_rate": 2.4579042297923e-05, "train": {"mse": 6.607846930593311e-06, "relative_l2": 0.0013472132544517282, "rmse": 0.0025705732688630586, "seconds": 5.23106227722019}}
{"epoch": 454, "learning_rate": 2.3676888174838175e-05, "train": {"mse": 6.507096486444958e-06, "relative_l2": 0.0013369032595326085, "rmse": 0.0025509011126354855, "seconds": 5.389702118001878}}
{"epoch": 455, "learning_rate": 2.279359769004391e-05, "train": {"mse": 6.580558880241569e-06, "relative_l2": 0.0013444286186643849, "rmse": 0.0025652600024639936, "seconds": 5.180274527519941}}
{"epoch": 456, "learning_rate": 2.192920571433625e-05, "train": {"mse": 6.5393597616288e-06, "relative_l2": 0.0013402134595471378, "rmse": 0.002557217190937993, "seconds": 5.341939429752529}}
{"epoch": 457, "learning_rate": 2.108374637243019e-05, "train": {"mse": 6.4271895724261354e-06, "relative_l2": 0.0013286693417675585, "rmse": 0.0025351902438330216, "seconds": 5.157034634612501}}
{"epoch": 458, "learning_rate": 2.0257253041613006e-05, "train": {"mse": 6.4899515933143405e-06, "relative_l2": 0.0013351408657209676, "rmse": 0.0025475383399105773, "seconds": 5.302960678935051}}
{"epoch": 459, "learning_rate": 1.9449758350426187e-05, "train": {"mse": 6.445413631593396e-06, "relative_l2": 0.0013305517057359086, "rmse": 0.0025387819188723943, "seconds": 5.406401316635311}}
{"epoch": 460, "learning_rate": 1.866129417737744e-05, "train": {"mse": 6.4402242382605395e-06, "relative_l2": 0.0013300159656978632, "rmse": 0.0025377596888319703, "seconds": 5.251501022838056}, "validation": {"mse": 6.887169722133054e-06, "relative_l2": 0.001388124704583676, "rmse": 0.002624341769307697, "seconds": 0.3324355920776725}}
{"epoch": 461, "learning_rate": 1.7891891649682293e-05, "train": {"mse": 6.373665953973334e-06, "relative_l2": 0.0013231254049036445, "rmse": 0.002524612040289227, "seconds": 5.225974873639643}}
{"epoch": 462, "learning_rate": 1.7141581142035055e-05, "train": {"mse": 6.354817428334269e-06, "relative_l2": 0.001321167549360849, "rmse": 0.002520876321506922, "seconds": 5.2585085676983}}
{"epoch": 463, "learning_rate": 1.641039227540996e-05, "train": {"mse": 6.346230794807632e-06, "relative_l2": 0.0013202746672563734, "rmse": 0.0025191726409294845, "seconds": 5.512935266830027}}
{"epoch": 464, "learning_rate": 1.5698353915891274e-05, "train": {"mse": 6.337436534345388e-06, "relative_l2": 0.0013193595672497682, "rmse": 0.002517426569802064, "seconds": 5.14171389862895}}
{"epoch": 465, "learning_rate": 1.5005494173534485e-05, "train": {"mse": 6.334175228581814e-06, "relative_l2": 0.0013190200445226251, "rmse": 0.0025167787404898776, "seconds": 5.203435473144054}}
{"epoch": 466, "learning_rate": 1.4331840401255574e-05, "train": {"mse": 6.2795416807045715e-06, "relative_l2": 0.00131331931907156, "rmse": 0.002505901370905202, "seconds": 5.111619058065116}}
{"epoch": 467, "learning_rate": 1.3677419193752198e-05, "train": {"mse": 6.317666847400084e-06, "relative_l2": 0.0013173000839541878, "rmse": 0.002513496936023612, "seconds": 5.436256381683052}}
{"epoch": 468, "learning_rate": 1.3042256386452961e-05, "train": {"mse": 6.2448205764660104e-06, "relative_l2": 0.0013096834536977776, "rmse": 0.002498963900592806, "seconds": 5.4101231675595045}}
{"epoch": 469, "learning_rate": 1.2426377054498034e-05, "train": {"mse": 6.272873133718372e-06, "relative_l2": 0.00131262179434569, "rmse": 0.0025045704489429664, "seconds": 5.390996813774109}}
{"epoch": 470, "learning_rate": 1.1829805511748692e-05, "train": {"mse": 6.2325720428052305e-06, "relative_l2": 0.0013083984258516858, "rmse": 0.0024965119752977816, "seconds": 5.252463348209858}}
{"epoch": 471, "learning_rate": 1.125256530982815e-05, "train": {"mse": 6.162033839794452e-06, "relative_l2": 0.0013009733443367084, "rmse": 0.0024823444240867245, "seconds": 4.663839647546411}}
{"epoch": 472, "learning_rate": 1.0694679237191159e-05, "train": {"mse": 6.24034940906449e-06, "relative_l2": 0.0013092145176275037, "rmse": 0.002498069136165869, "seconds": 5.2090022545307875}}
{"epoch": 473, "learning_rate": 1.015616931822449e-05, "train": {"mse": 6.149240877635465e-06, "relative_l2": 0.0012996221723855525, "rmse": 0.0024797662949631897, "seconds": 5.319345678202808}}
{"epoch": 474, "learning_rate": 9.6370568123778e-06, "train": {"mse": 6.184093368624499e-06, "relative_l2": 0.0013032999471531575, "rmse": 0.0024867837398182616, "seconds": 5.235726106911898}}
{"epoch": 475, "learning_rate": 9.137362213323892e-06, "train": {"mse": 6.1307681943782555e-06, "relative_l2": 0.001297668632066698, "rmse": 0.0024760388111615406, "seconds": 5.434855534695089}}
{"epoch": 476, "learning_rate": 8.657105248149909e-06, "train": {"mse": 6.1116651228504505e-06, "relative_l2": 0.001295645329308189, "rmse": 0.0024721782142172618, "seconds": 5.355811173096299}}
{"epoch": 477, "learning_rate": 8.196304876578523e-06, "train": {"mse": 6.119155514977887e-06, "relative_l2": 0.001296439051383836, "rmse": 0.0024736926880633103, "seconds": 5.151194415055215}}
{"epoch": 478, "learning_rate": 7.754979290219395e-06, "train": {"mse": 6.127100811895734e-06, "relative_l2": 0.0012972804469851237, "rmse": 0.0024752981258619605, "seconds": 5.443663526326418}}
{"epoch": 479, "learning_rate": 7.333145911850976e-06, "train": {"mse": 6.099444547456182e-06, "relative_l2": 0.0012943493295058343, "rmse": 0.0024697053564051285, "seconds": 5.260968506336212}}
{"epoch": 480, "learning_rate": 6.9308213947328445e-06, "train": {"mse": 6.065634388231232e-06, "relative_l2": 0.0012907569519523263, "rmse": 0.0024628508660150803, "seconds": 5.244562193751335}, "validation": {"mse": 6.40588760108291e-06, "relative_l2": 0.0013387446484856903, "rmse": 0.002530985499974844, "seconds": 0.27725397143512964}}
{"epoch": 481, "learning_rate": 6.548021621947936e-06, "train": {"mse": 5.977154538749221e-06, "relative_l2": 0.0012813081894111498, "rmse": 0.0024448219850838264, "seconds": 5.2031183410435915}}
{"epoch": 482, "learning_rate": 6.184761705775823e-06, "train": {"mse": 6.087382329616718e-06, "relative_l2": 0.0012930688473135482, "rmse": 0.0024672621120620155, "seconds": 5.2883682837709785}}
{"epoch": 483, "learning_rate": 5.841055987096044e-06, "train": {"mse": 6.079449172981247e-06, "relative_l2": 0.0012922260007772117, "rmse": 0.002465653903730458, "seconds": 5.268315217457712}}
{"epoch": 484, "learning_rate": 5.51691803482187e-06, "train": {"mse": 6.0700535885766595e-06, "relative_l2": 0.001291227067119123, "rmse": 0.0024637478743931287, "seconds": 5.327142875641584}}
{"epoch": 485, "learning_rate": 5.212360645364628e-06, "train": {"mse": 6.038561293821849e-06, "relative_l2": 0.0012878731786960544, "rmse": 0.0024573484274359324, "seconds": 5.231500816531479}}
{"epoch": 486, "learning_rate": 4.927395842128511e-06, "train": {"mse": 6.047080959864481e-06, "relative_l2": 0.0012887813715965499, "rmse": 0.002459081324369831, "seconds": 5.050153994001448}}
{"epoch": 487, "learning_rate": 4.662034875036115e-06, "train": {"mse": 6.008910430881554e-06, "relative_l2": 0.001284707398325792, "rmse": 0.0024513079020966654, "seconds": 5.161509984172881}}
{"epoch": 488, "learning_rate": 4.4162882200839575e-06, "train": {"mse": 6.061614906329832e-06, "relative_l2": 0.0012903292138124346, "rmse": 0.0024620347085956835, "seconds": 5.265445708297193}}
{"epoch": 489, "learning_rate": 4.190165578929228e-06, "train": {"mse": 5.991959003750198e-06, "relative_l2": 0.0012828940074625678, "rmse": 0.0024478478310038386, "seconds": 5.294938542880118}}
{"epoch": 490, "learning_rate": 3.98367587850663e-06, "train": {"mse": 6.0185318782985095e-06, "relative_l2": 0.0012857355179628136, "rmse": 0.0024532696301667514, "seconds": 4.4598009549081326}}
{"epoch": 491, "learning_rate": 3.7968272706759533e-06, "train": {"mse": 6.031695253656296e-06, "relative_l2": 0.0012871407933744976, "rmse": 0.0024559509876331603, "seconds": 5.159924111329019}}
{"epoch": 492, "learning_rate": 3.6296271319002937e-06, "train": {"mse": 5.95769788735284e-06, "relative_l2": 0.0012792210504305795, "rmse": 0.002440839586567057, "seconds": 5.070088910870254}}
{"epoch": 493, "learning_rate": 3.482082062954835e-06, "train": {"mse": 5.973155258182518e-06, "relative_l2": 0.0012808794600351022, "rmse": 0.0024440039398868647, "seconds": 5.265890055336058}}
{"epoch": 494, "learning_rate": 3.3541978886662824e-06, "train": {"mse": 5.928855155875345e-06, "relative_l2": 0.001276120776401871, "rmse": 0.0024349240554636083, "seconds": 5.333884145133197}}
{"epoch": 495, "learning_rate": 3.245979657682798e-06, "train": {"mse": 5.953322944720229e-06, "relative_l2": 0.0012787512767629284, "rmse": 0.00243994322571658, "seconds": 5.164939842186868}}
{"epoch": 496, "learning_rate": 3.1574316422749806e-06, "train": {"mse": 5.932504443931366e-06, "relative_l2": 0.0012765134506214537, "rmse": 0.002435673304023215, "seconds": 5.307950416579843}}
{"epoch": 497, "learning_rate": 3.0885573381667312e-06, "train": {"mse": 5.907289209420572e-06, "relative_l2": 0.0012737977456973187, "rmse": 0.002430491557158875, "seconds": 5.201163739897311}}
{"epoch": 498, "learning_rate": 3.0393594643976684e-06, "train": {"mse": 5.928275262762211e-06, "relative_l2": 0.0012760583660137864, "rmse": 0.002434804974276628, "seconds": 5.330328691750765}}
{"epoch": 499, "learning_rate": 3.009839963215648e-06, "train": {"mse": 5.919571524251721e-06, "relative_l2": 0.00127512128488053, "rmse": 0.0024330169593021174, "seconds": 5.126413851045072}}
{"epoch": 500, "learning_rate": 3e-06, "train": {"mse": 5.942867812282311e-06, "relative_l2": 0.001277627919815532, "rmse": 0.002437799789212049, "seconds": 5.3169593550264835}, "validation": {"mse": 6.296174083938618e-06, "relative_l2": 0.0013272308089636842, "rmse": 0.002509217823135054, "seconds": 0.309425157494843}}
{"summary": {"additional_epochs": 500, "best_validation_mse": 6.296174083938618e-06, "best_validation_relative_l2": 0.0013272308089636842, "best_validation_score": 0.0013272308089636842, "end_epoch": 500, "initial_learning_rate": 0.001, "kept_resume_learning_rate": false, "minimum_learning_rate": 3e-06, "optimizer": "adamw", "peak_cuda_memory_bytes": 61434368, "plateau_cooldown": null, "plateau_factor": null, "plateau_patience": null, "plateau_threshold": null, "plateau_threshold_mode": null, "resume_checkpoint": null, "scheduler": "cosine", "scheduler_restarted_on_resume": false, "start_epoch": 0, "test": {"mse": 6.006839285472672e-06, "relative_l2": 0.0013350537499487883, "rmse": 0.0024508854084743887, "seconds": 0.27842769492417574}, "total_seconds": 2631.2352472143248, "training_loss": "relative_l2", "validation_selection_metric": "relative_l2", "weight_decay": 0.0001}}
